User_ID,Product_ID,Gender,Age,Occupation,City_Category,Stay_In_Current_City_Years,Marital_Status,Product_Category_1,Product_Category_2,Product_Category_3,Purchase
1000001,P00069042,F,0-17,10,A,2,0,3,,,8370
1000001,P00248942,F,0-17,10,A,2,0,1,6,14,15200
1000001,P00087842,F,0-17,10,A,2,0,12,,,1422
1000001,P00085442,F,0-17,10,A,2,0,12,14,,1057
1000002,P00285442,M,55+,16,C,4+,0,8,,,7969
1000003,P00193542,M,26-35,15,A,3,0,1,2,,15227
1000004,P00184942,M,46-50,7,B,2,1,1,8,17,19215
1000004,P00346142,M,46-50,7,B,2,1,1,15,,15854
1000004,P0097242,M,46-50,7,B,2,1,1,16,,15686
1000005,P00274942,M,26-35,20,A,1,1,8,,,7871
1000005,P00251242,M,26-35,20,A,1,1,5,11,,5254
1000005,P00014542,M,26-35,20,A,1,1,8,,,3957
1000005,P00031342,M,26-35,20,A,1,1,8,,,6073
1000005,P00145042,M,26-35,20,A,1,1,1,2,5,15665
1000006,P00231342,F,51-55,9,A,1,0,5,8,14,5378
1000006,P00190242,F,51-55,9,A,1,0,4,5,,2079
1000006,P0096642,F,51-55,9,A,1,0,2,3,4,13055
1000006,P00058442,F,51-55,9,A,1,0,5,14,,8851
1000007,P00036842,M,36-45,1,B,1,1,1,14,16,11788
1000008,P00249542,M,26-35,12,C,4+,1,1,5,15,19614
1000008,P00220442,M,26-35,12,C,4+,1,5,14,,8584
1000008,P00156442,M,26-35,12,C,4+,1,8,,,9872
1000008,P00213742,M,26-35,12,C,4+,1,8,,,9743
1000008,P00214442,M,26-35,12,C,4+,1,8,,,5982
1000008,P00303442,M,26-35,12,C,4+,1,1,8,14,11927
1000009,P00135742,M,26-35,17,C,0,0,6,8,,16662
1000009,P00039942,M,26-35,17,C,0,0,8,,,5887
1000009,P00161442,M,26-35,17,C,0,0,5,14,,6973
1000009,P00078742,M,26-35,17,C,0,0,5,8,14,5391
1000010,P00085942,F,36-45,1,B,4+,1,2,4,8,16352
1000010,P00118742,F,36-45,1,B,4+,1,5,11,,8886
1000010,P00297942,F,36-45,1,B,4+,1,8,,,5875
1000010,P00266842,F,36-45,1,B,4+,1,5,,,8854
1000010,P00058342,F,36-45,1,B,4+,1,3,4,,10946
1000010,P00032442,F,36-45,1,B,4+,1,5,,,5152
1000010,P00105942,F,36-45,1,B,4+,1,5,,,7089
1000010,P00182642,F,36-45,1,B,4+,1,2,4,9,12909
1000010,P00186942,F,36-45,1,B,4+,1,5,12,,8770
1000010,P00155442,F,36-45,1,B,4+,1,1,11,15,15212
1000010,P00221342,F,36-45,1,B,4+,1,1,2,5,15705
1000010,P00087242,F,36-45,1,B,4+,1,14,,,7947
1000010,P00111142,F,36-45,1,B,4+,1,1,15,16,18963
1000010,P00259342,F,36-45,1,B,4+,1,5,9,,8718
1000010,P0094542,F,36-45,1,B,4+,1,2,4,9,16406
1000010,P00148642,F,36-45,1,B,4+,1,6,10,13,12642
1000010,P00312142,F,36-45,1,B,4+,1,8,,,10007
1000010,P00113242,F,36-45,1,B,4+,1,1,6,8,11562
1000011,P00192642,F,26-35,1,C,1,0,8,17,,6171
1000011,P00110842,F,26-35,1,C,1,0,1,2,5,19327
1000011,P00189642,F,26-35,1,C,1,0,8,13,,8027
1000012,P00304242,M,26-35,12,C,2,0,1,6,,15246
1000012,P00365242,M,26-35,12,C,2,0,5,8,,6865
1000013,P00129542,M,46-50,1,C,3,1,8,14,,5839
1000013,P00140742,M,46-50,1,C,3,1,1,15,,15912
1000013,P00182342,M,46-50,1,C,3,1,1,5,6,12107
1000014,P00276642,M,36-45,0,C,0,0,8,11,,5848
1000015,P00334242,M,26-35,7,A,1,0,1,8,,19653
1000015,P00247542,M,26-35,7,A,1,0,8,16,,5958
1000015,P00338442,M,26-35,7,A,1,0,1,16,,11415
1000015,P00275142,M,26-35,7,A,1,0,5,8,,5380
1000015,P00333042,M,26-35,7,A,1,0,5,8,,3594
1000015,P00166242,M,26-35,7,A,1,0,8,,,4209
1000015,P00161942,M,26-35,7,A,1,0,5,8,,5407
1000015,P00348242,M,26-35,7,A,1,0,8,,,7803
1000015,P00042142,M,26-35,7,A,1,0,1,2,6,11458
1000016,P00244242,F,36-45,0,C,0,1,1,2,15,11755
1000016,P00217742,F,36-45,0,C,0,1,5,14,,8702
1000017,P00019342,M,51-55,1,C,0,0,1,6,15,15872
1000017,P00100642,M,51-55,1,C,0,0,5,15,,8609
1000017,P00073842,M,51-55,1,C,0,0,1,15,17,15172
1000018,P00366542,F,18-25,3,B,3,0,5,,,1780
1000018,P00190742,F,18-25,3,B,3,0,3,4,9,10754
1000018,P00151842,F,18-25,3,B,3,0,4,8,9,2802
1000018,P00112642,F,18-25,3,B,3,0,1,2,5,19473
1000018,P00118442,F,18-25,3,B,3,0,1,2,,19672
1000018,P00034442,F,18-25,3,B,3,0,1,14,16,19313
1000018,P00222242,F,18-25,3,B,3,0,1,2,13,15182
1000018,P00118342,F,18-25,3,B,3,0,2,3,15,15985
1000018,P00324742,F,18-25,3,B,3,0,2,9,14,16454
1000018,P00190042,F,18-25,3,B,3,0,3,4,5,13551
1000018,P0094142,F,18-25,3,B,3,0,4,5,,697
1000018,P00138542,F,18-25,3,B,3,0,5,6,,7030
1000018,P00158542,F,18-25,3,B,3,0,5,6,13,5430
1000018,P00157542,F,18-25,3,B,3,0,8,14,,8011
1000018,P00044142,F,18-25,3,B,3,0,8,16,,5912
1000019,P00112542,M,0-17,10,A,3,0,1,11,15,7746
1000019,P00339542,M,0-17,10,A,3,0,1,,,19525
1000019,P00127842,M,0-17,10,A,3,0,1,2,15,11959
1000019,P00125942,M,0-17,10,A,3,0,1,2,15,19172
1000019,P00251342,M,0-17,10,A,3,0,5,11,,8773
1000019,P00249642,M,0-17,10,A,3,0,3,5,,11023
1000019,P00124842,M,0-17,10,A,3,0,11,,,4654
1000019,P00250642,M,0-17,10,A,3,0,11,,,4664
1000019,P00058142,M,0-17,10,A,3,0,3,4,12,8290
1000019,P00117442,M,0-17,10,A,3,0,5,14,,7011
1000019,P00251642,M,0-17,10,A,3,0,1,2,4,4211
1000019,P00244842,M,0-17,10,A,3,0,11,,,1539
1000021,P00220242,M,18-25,16,B,0,0,3,12,,3055
1000022,P00351142,M,18-25,15,A,4+,0,1,8,17,12099
1000022,P00213242,M,18-25,15,A,4+,0,5,8,,8797
1000022,P00195942,M,18-25,15,A,4+,0,3,4,,10681
1000022,P00115642,M,18-25,15,A,4+,0,8,14,,7801
1000022,P0098242,M,18-25,15,A,4+,0,1,16,,15517
1000022,P00262242,M,18-25,15,A,4+,0,1,11,16,12098
1000022,P00258742,M,18-25,15,A,4+,0,5,,,6976
1000022,P00218242,M,18-25,15,A,4+,0,5,8,,5384
1000022,P00021742,M,18-25,15,A,4+,0,5,,,6973
1000022,P00313042,M,18-25,15,A,4+,0,5,14,,5168
1000022,P00133742,M,18-25,15,A,4+,0,5,14,,3449
1000022,P00077042,M,18-25,15,A,4+,0,5,,,7177
1000022,P00280542,M,18-25,15,A,4+,0,11,,,4570
1000022,P00225842,M,18-25,15,A,4+,0,2,4,15,9564
1000023,P00278942,M,36-45,0,B,3,1,1,2,3,15766
1000023,P00004742,M,36-45,0,B,3,1,6,16,,8481
1000023,P00198042,M,36-45,0,B,3,1,11,16,,6108
1000023,P00177442,M,36-45,0,B,3,1,1,6,8,15354
1000023,P00000642,M,36-45,0,B,3,1,1,6,16,12015
1000023,P00288942,M,36-45,0,B,3,1,1,2,5,15371
1000023,P00270942,M,36-45,0,B,3,1,1,2,15,19239
1000023,P00345842,M,36-45,0,B,3,1,2,8,14,16137
1000023,P00032042,M,36-45,0,B,3,1,1,2,15,11887
1000023,P00313042,M,36-45,0,B,3,1,5,14,,5183
1000023,P00112342,M,36-45,0,B,3,1,13,16,,584
1000023,P00031842,M,36-45,0,B,3,1,1,5,12,7601
1000024,P00346642,F,26-35,7,A,3,1,8,,,2230
1000024,P00205642,F,26-35,7,A,3,1,5,8,,6940
1000024,P00248942,F,26-35,7,A,3,1,1,6,14,15774
1000025,P00206442,M,18-25,4,C,4+,0,1,5,9,15361
1000025,P00046742,M,18-25,4,C,4+,0,1,2,15,15770
1000025,P00120042,M,18-25,4,C,4+,0,1,2,,18974
1000026,P00043242,M,26-35,7,B,2,1,5,,,1848
1000026,P00057242,M,26-35,7,B,2,1,5,,,3624
1000026,P00022842,M,26-35,7,B,2,1,5,,,5275
1000026,P00252042,M,26-35,7,B,2,1,5,14,,5356
1000026,P00042242,M,26-35,7,B,2,1,5,15,,5411
1000026,P00059542,M,26-35,7,B,2,1,2,4,,9734
1000026,P00346642,M,26-35,7,B,2,1,8,,,7814
1000026,P00021242,M,26-35,7,B,2,1,8,16,,6098
1000026,P00023042,M,26-35,7,B,2,1,5,14,,5195
1000026,P00144242,M,26-35,7,B,2,1,5,14,,5220
1000026,P00101342,M,26-35,7,B,2,1,6,8,,16093
1000026,P00289342,M,26-35,7,B,2,1,5,8,14,3702
1000027,P00281742,M,26-35,11,C,1,1,5,8,18,8696
1000027,P00266642,M,26-35,11,C,1,1,1,8,9,7730
1000027,P00323742,M,26-35,11,C,1,1,8,,,9836
1000027,P00116342,M,26-35,11,C,1,1,2,,,16500
1000027,P00117142,M,26-35,11,C,1,1,2,17,,15903
1000028,P00084442,F,26-35,1,C,2,1,13,16,,758
1000028,P00331542,F,26-35,1,C,2,1,5,8,,6904
1000028,P00118742,F,26-35,1,C,2,1,5,11,,8690
1000028,P00178942,F,26-35,1,C,2,1,5,8,,8624
1000028,P00026042,F,26-35,1,C,2,1,8,14,17,3904
1000029,P00233542,M,36-45,7,C,1,0,1,15,,19068
1000029,P00127242,M,36-45,7,C,1,0,1,16,,7963
1000029,P00349942,M,36-45,7,C,1,0,1,5,,15511
1000029,P00303342,M,36-45,7,C,1,0,1,16,,11859
1000030,P00051442,F,36-45,7,C,3,0,8,17,,9735
1000030,P00275642,F,36-45,7,C,3,0,8,,,4166
1000030,P00278642,F,36-45,7,C,3,0,5,,,6927
1000031,P00117442,M,55+,7,C,2,0,5,14,,8596
1000031,P00322042,M,55+,7,C,2,0,5,8,,5248
1000031,P00216342,M,55+,7,C,2,0,3,4,5,10592
1000031,P00329342,M,55+,7,C,2,0,5,,,3482
1000032,P00332342,F,26-35,0,C,3,1,5,8,,7134
1000033,P00285442,M,46-50,3,A,1,1,8,,,7854
1000033,P00111742,M,46-50,3,A,1,1,15,,,17391
1000033,P00293742,M,46-50,3,A,1,1,8,,,6074
1000033,P00032842,M,46-50,3,A,1,1,8,,,6119
1000033,P00216142,M,46-50,3,A,1,1,1,16,,15333
1000033,P00001642,M,46-50,3,A,1,1,8,16,,6129
1000033,P00351842,M,46-50,3,A,1,1,5,,,5265
1000033,P00145442,M,46-50,3,A,1,1,8,15,,7888
1000033,P00344242,M,46-50,3,A,1,1,8,10,,4035
1000033,P00327242,M,46-50,3,A,1,1,5,8,,5280
1000033,P00241142,M,46-50,3,A,1,1,8,,,7909
1000033,P00219242,M,46-50,3,A,1,1,4,5,,811
1000033,P00057342,M,46-50,3,A,1,1,4,5,,2846
1000033,P00165742,M,46-50,3,A,1,1,8,16,,7994
1000033,P00154642,M,46-50,3,A,1,1,8,,,3897
1000034,P00192942,F,18-25,0,A,0,0,5,,,6996
1000034,P00247042,F,18-25,0,A,0,0,5,14,,8593
1000034,P00150542,F,18-25,0,A,0,0,5,,,6917
1000034,P00347142,F,18-25,0,A,0,0,5,,,5329
1000034,P00326742,F,18-25,0,A,0,0,11,,,5942
1000034,P00085942,F,18-25,0,A,0,0,2,4,8,15895
1000034,P00330442,F,18-25,0,A,0,0,5,14,,7165
1000034,P00327842,F,18-25,0,A,0,0,8,16,,9846
1000034,P00218342,F,18-25,0,A,0,0,5,,,8701
1000034,P00259042,F,18-25,0,A,0,0,5,,,8757
1000035,P00102542,M,46-50,1,C,4+,1,8,,,6109
1000035,P00285442,M,46-50,1,C,4+,1,8,,,6139
1000035,P00121142,M,46-50,1,C,4+,1,8,,,5897
1000035,P00228242,M,46-50,1,C,4+,1,8,,,3990
1000035,P00129542,M,46-50,1,C,4+,1,8,14,,6153
1000035,P00309542,M,46-50,1,C,4+,1,5,14,,5319
1000035,P00106742,M,46-50,1,C,4+,1,3,5,,10767
1000036,P00102642,M,26-35,3,B,0,0,4,8,9,2832
1000036,P00127442,M,26-35,3,B,0,0,1,2,15,8066
1000036,P00345642,M,26-35,3,B,0,0,1,15,16,15812
1000036,P00357842,M,26-35,3,B,0,0,5,,,6967
1000036,P00115342,M,26-35,3,B,0,0,5,8,14,6922
1000036,P00174442,M,26-35,3,B,0,0,5,,,8621
1000036,P00282642,M,26-35,3,B,0,0,5,,,7030
1000036,P00150542,M,26-35,3,B,0,0,5,,,7172
1000036,P00037142,M,26-35,3,B,0,0,1,2,5,15769
1000036,P00192042,M,26-35,3,B,0,0,5,9,14,6871
1000036,P00197542,M,26-35,3,B,0,0,5,,,7171
1000036,P00048742,M,26-35,3,B,0,0,5,,,7139
1000036,P00110142,M,26-35,3,B,0,0,7,,,16280
1000036,P00120842,M,26-35,3,B,0,0,8,17,,9894
1000036,P00267742,M,26-35,3,B,0,0,5,,,3664
1000036,P00086442,M,26-35,3,B,0,0,8,13,15,7869
1000036,P00331842,M,26-35,3,B,0,0,16,,,16866
1000036,P00288642,M,26-35,3,B,0,0,16,,,20442
1000036,P00318742,M,26-35,3,B,0,0,1,8,,11518
1000036,P00028442,M,26-35,3,B,0,0,1,8,16,15285
1000036,P00208342,M,26-35,3,B,0,0,1,16,,15524
1000036,P00193542,M,26-35,3,B,0,0,1,2,,19278
1000036,P00277442,M,26-35,3,B,0,0,1,6,15,15445
1000037,P00085242,F,26-35,9,C,1,0,8,14,17,8034
1000039,P00279442,M,18-25,4,B,2,0,16,,,12464
1000039,P00351142,M,18-25,4,B,2,0,1,8,17,15319
1000041,P00235242,F,18-25,4,C,3,0,8,,,5915
1000041,P00251542,F,18-25,4,C,3,0,11,16,,6025
1000042,P00046742,M,26-35,8,C,0,1,1,2,15,19433
1000042,P00003242,M,26-35,8,C,0,1,8,15,,6027
1000042,P00221542,M,26-35,8,C,0,1,5,15,,7040
1000042,P00142142,M,26-35,8,C,0,1,1,2,15,11965
1000042,P00044442,M,26-35,8,C,0,1,1,16,,15469
1000042,P00147742,M,26-35,8,C,0,1,1,16,,11925
1000042,P00030942,M,26-35,8,C,0,1,4,5,9,2826
1000042,P00288042,M,26-35,8,C,0,1,8,,,4013
1000042,P00313142,M,26-35,8,C,0,1,8,,,5914
1000042,P00195442,M,26-35,8,C,0,1,5,,,7176
1000043,P00255842,M,26-35,12,A,0,0,16,,,20961
1000044,P00112142,M,46-50,17,B,3,1,1,2,14,19072
1000044,P00120342,M,46-50,17,B,3,1,5,17,,7179
1000044,P00110542,M,46-50,17,B,3,1,8,,,7995
1000044,P00279942,M,46-50,17,B,3,1,8,,,4124
1000044,P00303742,M,46-50,17,B,3,1,8,,,7772
1000044,P00140742,M,46-50,17,B,3,1,1,15,,11799
1000044,P00190042,M,46-50,17,B,3,1,3,4,5,13251
1000044,P00316742,M,46-50,17,B,3,1,4,5,,3524
1000044,P00233542,M,46-50,17,B,3,1,1,15,,15853
1000044,P00115242,M,46-50,17,B,3,1,5,8,,1728
1000044,P00338442,M,46-50,17,B,3,1,1,16,,11693
1000044,P00302842,M,46-50,17,B,3,1,8,13,,7852
1000044,P00124842,M,46-50,17,B,3,1,11,,,1582
1000045,P00066442,F,46-50,16,A,1,1,5,14,,6950
1000045,P00273442,F,46-50,16,A,1,1,12,14,17,1414
1000045,P00210142,F,46-50,16,A,1,1,14,,,4325
1000045,P00212542,F,46-50,16,A,1,1,8,14,,4028
1000045,P00321742,F,46-50,16,A,1,1,5,8,17,3432
1000045,P00020042,F,46-50,16,A,1,1,5,8,,3715
1000045,P00051942,F,46-50,16,A,1,1,5,6,11,3540
1000045,P00251342,F,46-50,16,A,1,1,5,11,,5352
1000045,P00303542,F,46-50,16,A,1,1,5,,,1828
1000045,P00228142,F,46-50,16,A,1,1,5,,,7159
1000046,P00123142,M,18-25,19,C,4+,0,11,,,7614
1000046,P00079542,M,18-25,19,C,4+,0,5,8,,1784
1000046,P00103142,M,18-25,19,C,4+,0,1,,,3978
1000046,P00305542,M,18-25,19,C,4+,0,11,,,7478
1000047,P00031042,M,18-25,4,C,4+,1,8,,,8043
1000047,P00260042,M,18-25,4,C,4+,1,5,8,,6912
1000048,P00055642,M,26-35,4,B,3,1,4,5,,1447
1000048,P00312742,M,26-35,4,B,3,1,15,,,4338
1000048,P00010742,M,26-35,4,B,3,1,1,8,17,19352
1000048,P00147742,M,26-35,4,B,3,1,1,16,,11420
1000048,P00303742,M,26-35,4,B,3,1,8,,,5897
1000048,P00223242,M,26-35,4,B,3,1,5,14,,7048
1000048,P00114942,M,26-35,4,B,3,1,1,15,16,15783
1000048,P00277442,M,26-35,4,B,3,1,1,6,15,11396
1000048,P00183242,M,26-35,4,B,3,1,5,15,,5180
1000048,P00030842,M,26-35,4,B,3,1,1,2,15,15549
1000048,P00220142,M,26-35,4,B,3,1,1,15,,11935
1000048,P00130442,M,26-35,4,B,3,1,3,5,,8091
1000048,P00323042,M,26-35,4,B,3,1,5,,,7001
1000048,P00344742,M,26-35,4,B,3,1,5,,,1747
1000048,P00182442,M,26-35,4,B,3,1,5,11,,5252
1000048,P00015342,M,26-35,4,B,3,1,2,4,,6407
1000048,P00113242,M,26-35,4,B,3,1,1,6,8,15466
1000048,P00288042,M,26-35,4,B,3,1,8,,,7781
1000048,P00103042,M,26-35,4,B,3,1,1,14,,15849
1000048,P00187842,M,26-35,4,B,3,1,1,16,,11430
1000048,P00162442,M,26-35,4,B,3,1,1,16,,11404
1000048,P00078542,M,26-35,4,B,3,1,1,2,16,11853
1000048,P0094142,M,26-35,4,B,3,1,4,5,,1446
1000048,P00324442,M,26-35,4,B,3,1,11,13,16,3101
1000048,P00041642,M,26-35,4,B,3,1,5,,,3694
1000048,P00050542,M,26-35,4,B,3,1,5,,,3696
1000048,P00006442,M,26-35,4,B,3,1,5,,,3580
1000049,P00051442,M,18-25,12,C,4+,1,8,17,,9879
1000049,P00350942,M,18-25,12,C,4+,1,3,4,5,10783
1000049,P00000142,M,18-25,12,C,4+,1,3,4,5,13353
1000049,P00127242,M,18-25,12,C,4+,1,1,16,,15715
1000049,P00034042,M,18-25,12,C,4+,1,1,2,16,11463
1000049,P00143142,M,18-25,12,C,4+,1,8,14,,7763
1000050,P00317942,F,26-35,2,A,1,1,8,16,,5878
1000050,P00335542,F,26-35,2,A,1,1,8,,,5845
1000051,P00361842,F,0-17,10,C,2,0,15,16,,17271
1000052,P00147942,M,18-25,4,C,0,0,1,16,,15244
1000052,P00000642,M,18-25,4,C,0,0,1,6,16,19060
1000052,P00037142,M,18-25,4,C,0,0,1,2,5,15772
1000052,P00028042,M,18-25,4,C,0,0,1,16,,8159
1000053,P00117542,M,26-35,0,B,1,0,18,,,3794
1000053,P00120342,M,26-35,0,B,1,0,5,17,,8637
1000053,P00130742,M,26-35,0,B,1,0,1,14,17,19251
1000053,P00024142,M,26-35,0,B,1,0,8,9,14,10021
1000053,P00127242,M,26-35,0,B,1,0,1,16,,15734
1000053,P00209742,M,26-35,0,B,1,0,1,11,15,19662
1000053,P00160042,M,26-35,0,B,1,0,1,13,16,19416
1000053,P00042342,M,26-35,0,B,1,0,8,16,,5996
1000053,P00016542,M,26-35,0,B,1,0,1,6,16,11937
1000053,P00016742,M,26-35,0,B,1,0,1,15,16,15859
1000053,P00227642,M,26-35,0,B,1,0,1,5,14,11723
1000053,P00146142,M,26-35,0,B,1,0,1,2,15,11793
1000053,P00070542,M,26-35,0,B,1,0,3,15,,13689
1000053,P00129842,M,26-35,0,B,1,0,6,8,15,16306
1000053,P00243942,M,26-35,0,B,1,0,1,2,15,19171
1000053,P00246742,M,26-35,0,B,1,0,11,15,,1629
1000053,P00310142,M,26-35,0,B,1,0,5,15,,6931
1000053,P00244142,M,26-35,0,B,1,0,1,2,15,12004
1000053,P00085442,M,26-35,0,B,1,0,12,14,,1752
1000053,P00190142,M,26-35,0,B,1,0,3,4,5,10766
1000053,P00109242,M,26-35,0,B,1,0,6,8,10,20529
1000053,P00089342,M,26-35,0,B,1,0,8,,,9856
1000053,P00288542,M,26-35,0,B,1,0,8,,,8000
1000053,P00212242,M,26-35,0,B,1,0,8,,,10038
1000053,P00319342,M,26-35,0,B,1,0,5,8,,8685
1000053,P00302942,M,26-35,0,B,1,0,8,,,7796
1000053,P00145942,M,26-35,0,B,1,0,6,8,13,20474
1000053,P00026342,M,26-35,0,B,1,0,8,,,7820
1000053,P00148842,M,26-35,0,B,1,0,6,8,16,16477
1000054,P00299842,M,51-55,1,C,4+,1,8,,,6198
1000054,P00313342,M,51-55,1,C,4+,1,5,,,5185
1000056,P00102442,M,36-45,20,C,0,1,8,,,5980
1000056,P00237542,M,36-45,20,C,0,1,1,15,16,11370
1000056,P00213742,M,36-45,20,C,0,1,8,,,9834
1000056,P0099342,M,36-45,20,C,0,1,5,8,,2012
1000057,P00171542,M,18-25,19,C,2,0,2,5,14,3581
1000057,P00135742,M,18-25,19,C,2,0,6,8,,12131
1000057,P00350342,M,18-25,19,C,2,0,1,6,,4290
1000058,P00110742,M,26-35,2,B,3,0,1,2,8,15824
1000058,P00117642,M,26-35,2,B,3,0,10,16,,23603
1000058,P00114142,M,26-35,2,B,3,0,8,,,9940
1000058,P00119142,M,26-35,2,B,3,0,3,4,12,13557
1000058,P00280742,M,26-35,2,B,3,0,6,8,,16420
1000058,P00271142,M,26-35,2,B,3,0,5,,,8842
1000058,P00348242,M,26-35,2,B,3,0,8,,,7959
1000058,P00003942,M,26-35,2,B,3,0,5,14,,6987
1000058,P00282642,M,26-35,2,B,3,0,5,,,6855
1000058,P00288642,M,26-35,2,B,3,0,16,,,16579
1000058,P00151742,M,26-35,2,B,3,0,8,15,16,5851
1000058,P00244142,M,26-35,2,B,3,0,1,2,15,8147
1000058,P00050642,M,26-35,2,B,3,0,15,16,,12850
1000059,P00114742,F,51-55,1,B,4+,1,8,,,5899
1000059,P00113942,F,51-55,1,B,4+,1,8,,,3993
1000059,P00120942,F,51-55,1,B,4+,1,8,,,8084
1000059,P00083842,F,51-55,1,B,4+,1,5,14,,7159
1000059,P00148642,F,51-55,1,B,4+,1,6,10,13,12014
1000059,P00317842,F,51-55,1,B,4+,1,8,,,8007
1000059,P00030642,F,51-55,1,B,4+,1,8,,,6141
1000059,P00273642,F,51-55,1,B,4+,1,8,14,,9695
1000059,P00002542,F,51-55,1,B,4+,1,8,14,,5900
1000059,P00331642,F,51-55,1,B,4+,1,12,,,1384
1000059,P00331242,F,51-55,1,B,4+,1,12,17,,1432
1000059,P0096442,F,51-55,1,B,4+,1,4,5,12,2074
1000059,P00050242,F,51-55,1,B,4+,1,8,,,7864
1000059,P00131942,F,51-55,1,B,4+,1,7,,,8784
1000059,P00010742,F,51-55,1,B,4+,1,1,8,17,7988
1000060,P00150542,M,51-55,1,C,1,1,5,,,2048
1000060,P00132042,M,51-55,1,C,1,1,13,16,,742
1000061,P00334242,M,26-35,17,C,1,0,1,8,,15365
1000062,P00013742,F,36-45,3,A,1,0,5,,,5234
1000062,P00036842,F,36-45,3,A,1,0,1,14,16,11694
1000062,P00119342,F,36-45,3,A,1,0,10,13,,23792
1000062,P00182142,F,36-45,3,A,1,0,1,5,6,15654
1000062,P00188942,F,36-45,3,A,1,0,8,,,9844
1000062,P00203142,F,36-45,3,A,1,0,16,,,16698
1000062,P00320442,F,36-45,3,A,1,0,6,10,,15957
1000062,P00121642,F,36-45,3,A,1,0,5,14,,8599
1000062,P00289542,F,36-45,3,A,1,0,8,,,8138
1000062,P00329742,F,36-45,3,A,1,0,6,16,,12422
1000062,P00326642,F,36-45,3,A,1,0,8,,,7766
1000062,P00346142,F,36-45,3,A,1,0,1,15,,15208
1000062,P00336142,F,36-45,3,A,1,0,5,12,,5284
1000062,P00111442,F,36-45,3,A,1,0,8,,,7965
1000062,P00087242,F,36-45,3,A,1,0,14,,,11279
1000063,P00234742,M,18-25,4,C,2,0,8,,,5881
1000063,P00021742,M,18-25,4,C,2,0,5,,,8587
1000063,P00090842,M,18-25,4,C,2,0,11,15,,7552
1000063,P00214542,M,18-25,4,C,2,0,8,,,2226
1000064,P00110942,M,18-25,1,A,1,1,1,2,,19462
1000065,P00289942,M,36-45,12,C,2,1,3,4,5,13253
1000065,P00147942,M,36-45,12,C,2,1,1,16,,19420
1000065,P00216142,M,36-45,12,C,2,1,1,16,,19409
1000065,P00104842,M,36-45,12,C,2,1,8,,,9889
1000065,P00113142,M,36-45,12,C,2,1,1,5,12,15628
1000065,P00177942,M,36-45,12,C,2,1,5,8,,7053
1000066,P00265242,M,26-35,18,C,2,0,5,8,,8652
1000067,P00118142,F,51-55,5,C,4+,1,8,17,,8088
1000067,P00003642,F,51-55,5,C,4+,1,8,,,9878
1000067,P00178342,F,51-55,5,C,4+,1,8,,,7771
1000068,P00289742,M,18-25,4,A,0,0,8,,,9938
1000068,P00085042,M,18-25,4,A,0,0,5,6,,7036
1000068,P00248942,M,18-25,4,A,0,0,1,6,14,11429
1000069,P00184942,F,26-35,1,A,1,0,1,8,17,11715
1000069,P00041542,F,26-35,1,A,1,0,8,,,7973
1000070,P00249142,M,18-25,4,A,2,0,5,,,7076
1000070,P00284042,M,18-25,4,A,2,0,8,17,,2304
1000071,P00165442,M,26-35,14,A,0,1,1,15,16,11846
1000071,P00115942,M,26-35,14,A,0,1,8,17,,7908
1000071,P00278642,M,26-35,14,A,0,1,5,,,5223
1000071,P00021742,M,26-35,14,A,0,1,5,,,6996
1000072,P00156442,F,46-50,0,B,1,1,8,,,7968
1000072,P00318742,F,46-50,0,B,1,1,1,8,,15426
1000073,P00351142,M,18-25,4,A,4+,0,1,8,17,15900
1000073,P00074442,M,18-25,4,A,4+,0,1,16,,11822
1000073,P00047242,M,18-25,4,A,4+,0,1,5,,7802
1000073,P00199042,M,18-25,4,A,4+,0,1,5,,15624
1000073,P00192542,M,18-25,4,A,4+,0,1,2,9,15212
1000074,P00351142,M,36-45,14,A,2,1,1,8,17,15581
1000074,P00350042,M,36-45,14,A,2,1,6,8,,12409
1000075,P00248442,F,0-17,10,C,4+,0,3,4,,13337
1000075,P00172842,F,0-17,10,C,4+,0,3,4,,13667
1000075,P00198142,F,0-17,10,C,4+,0,2,4,9,12746
1000075,P00282142,F,0-17,10,C,4+,0,3,4,,5349
1000075,P00166942,F,0-17,10,C,4+,0,2,4,5,16187
1000075,P00187742,F,0-17,10,C,4+,0,2,4,,16320
1000075,P00003442,F,0-17,10,C,4+,0,4,5,8,2129
1000075,P00060242,F,0-17,10,C,4+,0,3,4,,11055
1000075,P00137642,F,0-17,10,C,4+,0,3,4,12,11000
1000075,P00106742,F,0-17,10,C,4+,0,3,5,,10578
1000076,P00126142,M,36-45,7,B,2,1,8,16,,7909
1000076,P00219842,M,36-45,7,B,2,1,5,,,7190
1000076,P00046142,M,36-45,7,B,2,1,1,16,,15393
1000076,P00338442,M,36-45,7,B,2,1,1,16,,11867
1000076,P00328142,M,36-45,7,B,2,1,8,16,,5973
1000077,P00255542,M,18-25,4,C,2,0,5,,,6909
1000077,P00250842,M,18-25,4,C,2,0,8,,,6144
1000077,P00260142,M,18-25,4,C,2,0,5,14,,5432
1000078,P0097142,F,46-50,1,C,0,1,12,,,1720
1000078,P00209842,F,46-50,1,C,0,1,5,8,,6852
1000078,P00212942,F,46-50,1,C,0,1,5,,,7061
1000078,P00283942,F,46-50,1,C,0,1,5,,,6868
1000078,P00303242,F,46-50,1,C,0,1,5,8,,8598
1000078,P00170442,F,46-50,1,C,0,1,5,,,3624
1000078,P00045842,F,46-50,1,C,0,1,5,14,,6986
1000078,P00040442,F,46-50,1,C,0,1,5,14,,6862
1000079,P00195842,F,46-50,0,A,1,0,3,4,8,7962
1000079,P00148642,F,46-50,0,A,1,0,6,10,13,15943
1000080,P00157542,M,55+,1,C,3,1,8,14,,9788
1000080,P00293242,M,55+,1,C,3,1,8,16,,9859
1000080,P00064042,M,55+,1,C,3,1,3,4,12,8248
1000081,P00344242,F,26-35,0,A,1,1,8,10,,10058
1000082,P00015542,M,26-35,17,C,2,1,1,2,13,8162
1000082,P00001642,M,26-35,17,C,2,1,8,16,,8045
1000083,P00105142,F,26-35,2,C,1,0,1,2,15,15584
1000083,P00251242,F,26-35,2,C,1,0,5,11,,8775
1000083,P00183442,F,26-35,2,C,1,0,1,2,,7996
1000083,P00199442,F,26-35,2,C,1,0,5,9,,6889
1000083,P00054542,F,26-35,2,C,1,0,1,2,3,11730
1000084,P00034742,M,18-25,4,C,1,0,5,14,17,5315
1000084,P00042242,M,18-25,4,C,1,0,5,15,,3497
1000084,P00277442,M,18-25,4,C,1,0,1,6,15,11896
1000084,P00163142,M,18-25,4,C,1,0,6,8,,20595
1000085,P00027142,M,18-25,4,C,1,0,8,,,5986
1000086,P00145042,F,0-17,10,C,3,0,1,2,5,19283
1000086,P00053942,F,0-17,10,C,3,0,1,2,5,19442
1000087,P00173342,M,26-35,14,C,2,0,1,6,14,4121
1000087,P00233342,M,26-35,14,C,2,0,1,15,16,3847
1000087,P00036842,M,26-35,14,C,2,0,1,14,16,4528
1000088,P00010842,F,46-50,1,C,1,1,8,16,,10022
1000088,P00120242,F,46-50,1,C,1,1,8,,,7809
1000088,P00313342,F,46-50,1,C,1,1,5,,,7019
1000089,P00223942,F,55+,9,C,1,1,5,8,,8804
1000089,P00362342,F,55+,9,C,1,1,5,,,1747
1000090,P00027542,M,55+,13,C,1,0,8,,,6122
1000090,P00051442,M,55+,13,C,1,0,8,17,,7824
1000090,P00234842,M,55+,13,C,1,0,5,6,16,8714
1000090,P00029242,M,55+,13,C,1,0,8,,,7786
1000090,P0097842,M,55+,13,C,1,0,5,,,6975
1000090,P00160942,M,55+,13,C,1,0,1,16,,15433
1000090,P00136542,M,55+,13,C,1,0,5,8,,3667
1000090,P00223242,M,55+,13,C,1,0,5,14,,5354
1000090,P00127942,M,55+,13,C,1,0,1,2,5,11605
1000090,P00248542,M,55+,13,C,1,0,8,16,,6078
1000090,P00145842,M,55+,13,C,1,0,4,5,,1463
1000090,P00214342,M,55+,13,C,1,0,5,,,2010
1000090,P00161542,M,55+,13,C,1,0,2,15,16,10009
1000090,P00001942,M,55+,13,C,1,0,5,,,7178
1000091,P00010842,M,36-45,7,C,3,1,8,16,,6013
1000091,P00220442,M,36-45,7,C,3,1,5,14,,8858
1000091,P00278642,M,36-45,7,C,3,1,5,,,5252
1000091,P00138542,M,36-45,7,C,3,1,5,6,,8771
1000092,P00317942,F,18-25,4,B,1,0,8,16,,7884
1000092,P00190042,F,18-25,4,B,1,0,3,4,5,13400
1000092,P00328042,F,18-25,4,B,1,0,8,14,,2233
1000092,P00370242,F,18-25,4,B,1,0,5,,,3545
1000092,P00340642,F,18-25,4,B,1,0,5,,,1868
1000092,P00358242,F,18-25,4,B,1,0,8,,,5916
1000092,P0096542,F,18-25,4,B,1,0,3,4,12,5780
1000092,P0096942,F,18-25,4,B,1,0,3,4,,5755
1000092,P00074142,F,18-25,4,B,1,0,3,4,12,3126
1000092,P00273442,F,18-25,4,B,1,0,12,14,17,1387
1000092,P00270042,F,18-25,4,B,1,0,8,14,,2114
1000092,P00255842,F,18-25,4,B,1,0,16,,,16416
1000092,P00223842,F,18-25,4,B,1,0,2,4,8,3460
1000092,P00014842,F,18-25,4,B,1,0,1,2,5,11449
1000092,P00274342,F,18-25,4,B,1,0,2,8,14,6434
1000093,P00199442,M,26-35,17,B,1,1,5,9,,7038
1000093,P00216342,M,26-35,17,B,1,1,3,4,5,11031
1000093,P00070542,M,26-35,17,B,1,1,3,15,,13293
1000093,P00112542,M,26-35,17,B,1,1,1,11,15,15895
1000093,P00346142,M,26-35,17,B,1,1,1,15,,19247
1000093,P00208742,M,26-35,17,B,1,1,1,6,16,8058
1000093,P00248942,M,26-35,17,B,1,1,1,6,14,11754
1000093,P00351142,M,26-35,17,B,1,1,1,8,17,12037
1000093,P00304442,M,26-35,17,B,1,1,1,16,,15479
1000093,P00014042,M,26-35,17,B,1,1,1,,,7836
1000093,P00028442,M,26-35,17,B,1,1,1,8,16,15901
1000093,P00155442,M,26-35,17,B,1,1,1,11,15,11533
1000093,P00133442,M,26-35,17,B,1,1,1,16,,11601
1000093,P00159842,M,26-35,17,B,1,1,1,16,,4251
1000093,P00019942,M,26-35,17,B,1,1,1,,,8289
1000093,P00366542,M,26-35,17,B,1,1,5,,,3612
1000094,P00117042,M,26-35,17,C,1,0,1,2,5,15482
1000095,P00141942,M,46-50,0,C,4+,1,5,8,14,3746
1000095,P00003642,M,46-50,0,C,4+,1,8,,,7857
1000096,P00117942,F,26-35,16,C,2,1,5,15,,7193
1000096,P00001742,F,26-35,16,C,2,1,8,14,,5857
1000097,P00209842,F,36-45,3,C,3,0,5,8,,7040
1000097,P00293742,F,36-45,3,C,3,0,8,,,7976
1000097,P00315442,F,36-45,3,C,3,0,1,,,11670
1000097,P00297642,F,36-45,3,C,3,0,8,,,6150
1000097,P00088542,F,36-45,3,C,3,0,5,12,14,6964
1000097,P00089042,F,36-45,3,C,3,0,13,,,940
1000097,P00175742,F,36-45,3,C,3,0,8,17,,9956
1000097,P00115942,F,36-45,3,C,3,0,8,17,,7773
1000099,P00317842,F,0-17,10,C,1,0,8,,,5935
1000099,P00334242,F,0-17,10,C,1,0,1,8,,18982
1000099,P00035542,F,0-17,10,C,1,0,3,4,12,10769
1000099,P00129542,F,0-17,10,C,1,0,8,14,,7821
1000099,P00234842,F,0-17,10,C,1,0,5,6,16,2007
1000100,P00057942,M,36-45,17,C,4+,0,1,2,6,11612
1000100,P00037142,M,36-45,17,C,4+,0,1,2,5,7824
1000100,P00059442,M,36-45,17,C,4+,0,6,8,16,12486
1000101,P00278042,F,18-25,3,A,1,0,1,,,19464
1000101,P00154042,F,18-25,3,A,1,0,1,2,15,19027
1000101,P00014042,F,18-25,3,A,1,0,1,,,19394
1000101,P00262242,F,18-25,3,A,1,0,1,11,16,15871
1000102,P00010842,M,36-45,19,C,3,0,8,16,,9941
1000102,P00334242,M,36-45,19,C,3,0,1,8,,3829
1000102,P00337942,M,36-45,19,C,3,0,5,,,7108
1000102,P00274942,M,36-45,19,C,3,0,8,,,4102
1000102,P00229342,M,36-45,19,C,3,0,5,14,,2028
1000102,P00274242,M,36-45,19,C,3,0,1,,,8310
1000102,P00084642,M,36-45,19,C,3,0,13,16,,929
1000103,P00071242,M,46-50,7,B,2,1,1,15,16,15827
1000103,P00050442,M,46-50,7,B,2,1,1,8,13,15233
1000103,P0097342,M,46-50,7,B,2,1,1,15,16,15418
1000103,P00165442,M,46-50,7,B,2,1,1,15,16,15801
1000105,P00269542,M,46-50,12,C,1,1,11,15,,6073
1000105,P00045542,M,46-50,12,C,1,1,5,14,,6975
1000105,P00139742,M,46-50,12,C,1,1,8,16,,4039
1000105,P00332242,M,46-50,12,C,1,1,1,16,,11476
1000106,P00205442,F,36-45,11,C,4+,0,5,8,14,7035
1000106,P00085542,F,36-45,11,C,4+,0,5,14,,8645
1000106,P00112142,F,36-45,11,C,4+,0,1,2,14,19703
1000107,P00323742,M,46-50,18,C,4+,0,8,,,9753
1000107,P00183142,M,46-50,18,C,4+,0,15,,,17403
1000107,P00344242,M,46-50,18,C,4+,0,8,10,,3921
1000107,P00298242,M,46-50,18,C,4+,0,8,,,5823
1000107,P00300942,M,46-50,18,C,4+,0,16,,,12163
1000107,P0097142,M,46-50,18,C,4+,0,12,,,1058
1000108,P00013942,M,26-35,12,C,3,0,5,,,2021
1000109,P00087042,M,46-50,15,C,1,1,10,14,16,19131
1000109,P00087342,M,46-50,15,C,1,1,5,14,16,6863
1000109,P00195642,M,46-50,15,C,1,1,5,,,7085
1000110,P00035842,M,26-35,2,B,4+,0,5,6,9,6923
1000111,P00036842,M,36-45,15,C,3,0,1,14,16,15351
1000111,P00013942,M,36-45,15,C,3,0,5,,,5149
1000112,P00289942,M,26-35,16,C,3,1,3,4,5,13575
1000113,P00351142,M,18-25,12,C,2,0,1,8,17,19697
1000113,P00147342,M,18-25,12,C,2,0,15,16,,12790
1000114,P00350942,F,26-35,2,C,0,0,3,4,5,10930
1000114,P00176842,F,26-35,2,C,0,0,12,14,,1735
1000116,P00275842,M,26-35,17,C,2,1,2,9,15,16171
1000116,P00192542,M,26-35,17,C,2,1,1,2,9,15726
1000117,P00351342,M,26-35,17,A,2,1,1,2,16,8337
1000117,P00184142,M,26-35,17,A,2,1,8,14,,9756
1000117,P00317342,M,26-35,17,A,2,1,8,16,,8140
1000117,P00217242,M,26-35,17,A,2,1,1,15,,12009
1000117,P00014542,M,26-35,17,A,2,1,8,,,5959
1000117,P00021742,M,26-35,17,A,2,1,5,,,8649
1000117,P00358242,M,26-35,17,A,2,1,8,,,2018
1000117,P00335442,M,26-35,17,A,2,1,1,15,,7880
1000117,P0098342,M,26-35,17,A,2,1,1,2,,19446
1000117,P00079742,M,26-35,17,A,2,1,1,2,15,8300
1000117,P00143642,M,26-35,17,A,2,1,1,2,6,11893
1000117,P00251342,M,26-35,17,A,2,1,5,11,,5415
1000117,P00232342,M,26-35,17,A,2,1,11,,,2967
1000117,P00179042,M,26-35,17,A,2,1,11,,,4543
1000117,P00180942,M,26-35,17,A,2,1,11,,,1474
1000117,P00265742,M,26-35,17,A,2,1,5,12,,5417
1000118,P00194542,M,36-45,17,C,4+,0,8,14,,8081
1000118,P00001742,M,36-45,17,C,4+,0,8,14,,9712
1000118,P00127642,M,36-45,17,C,4+,0,1,2,15,15909
1000118,P00355142,M,36-45,17,C,4+,0,1,15,,15651
1000118,P00144642,M,36-45,17,C,4+,0,1,15,16,15756
1000118,P00201342,M,36-45,17,C,4+,0,1,2,9,8012
1000118,P00251942,M,36-45,17,C,4+,0,1,2,5,11408
1000118,P00009342,M,36-45,17,C,4+,0,1,16,,15492
1000118,P00345842,M,36-45,17,C,4+,0,2,8,14,9569
1000118,P00191442,M,36-45,17,C,4+,0,1,2,15,15687
1000118,P00223242,M,36-45,17,C,4+,0,5,14,,5304
1000118,P00120342,M,36-45,17,C,4+,0,5,17,,6923
1000119,P00330642,F,0-17,10,C,1,0,5,,,5277
1000119,P00238542,F,0-17,10,C,1,0,5,14,,7088
1000119,P0094942,F,0-17,10,C,1,0,4,8,,2122
1000119,P00068042,F,0-17,10,C,1,0,3,4,,5597
1000119,P00227642,F,0-17,10,C,1,0,1,5,14,15837
1000120,P00005042,M,26-35,11,C,0,0,6,16,,16128
1000121,P00102042,M,36-45,7,C,2,0,5,,,3627
1000121,P00059742,M,36-45,7,C,2,0,1,11,15,19498
1000122,P00142142,F,18-25,4,C,1,0,1,2,15,4530
1000123,P00248142,M,36-45,9,B,4+,1,5,,,3639
1000123,P00279342,M,36-45,9,B,4+,1,5,14,,5314
1000123,P00267542,M,36-45,9,B,4+,1,1,16,,12111
1000123,P00217742,M,36-45,9,B,4+,1,5,14,,3631
1000123,P00113242,M,36-45,9,B,4+,1,1,6,8,19586
1000123,P00000642,M,36-45,9,B,4+,1,1,6,16,18971
1000123,P00163342,M,36-45,9,B,4+,1,6,8,,16456
1000123,P00116842,M,36-45,9,B,4+,1,2,5,8,13009
1000123,P00036842,M,36-45,9,B,4+,1,1,14,16,15635
1000123,P00278042,M,36-45,9,B,4+,1,1,,,15181
1000123,P00348742,M,36-45,9,B,4+,1,16,,,16379
1000123,P00061142,M,36-45,9,B,4+,1,8,16,,6187
1000123,P00015942,M,36-45,9,B,4+,1,6,10,13,16446
1000123,P00346542,M,36-45,9,B,4+,1,10,13,16,14650
1000123,P00188742,M,36-45,9,B,4+,1,8,14,17,7810
1000123,P00346942,M,36-45,9,B,4+,1,1,5,,8143
1000123,P00212542,M,36-45,9,B,4+,1,8,14,,4018
1000123,P00007042,M,36-45,9,B,4+,1,1,,,11971
1000123,P00240242,M,36-45,9,B,4+,1,1,15,16,8130
1000124,P00291042,M,55+,7,C,1,1,8,,,7904
1000125,P00244642,M,46-50,14,B,3,1,11,,,4497
1000125,P00090542,M,46-50,14,B,3,1,16,,,16498
1000125,P00274142,M,46-50,14,B,3,1,1,,,19234
1000125,P00266642,M,46-50,14,B,3,1,1,8,9,15253
1000125,P00182142,M,46-50,14,B,3,1,1,5,6,19064
1000125,P00270542,M,46-50,14,B,3,1,1,6,8,11647
1000126,P00087042,M,18-25,9,B,1,0,10,14,16,23233
1000126,P00121642,M,18-25,9,B,1,0,5,14,,3638
1000127,P00145042,F,46-50,3,C,1,1,1,2,5,19681
1000127,P00086442,F,46-50,3,C,1,1,8,13,15,5886
1000127,P00361842,F,46-50,3,C,1,1,15,16,,17320
1000127,P00057442,F,46-50,3,C,1,1,5,14,16,5332
1000127,P00078142,F,46-50,3,C,1,1,8,16,,7890
1000128,P00245642,M,55+,6,A,1,1,5,11,12,8629
1000129,P00037542,M,26-35,11,C,2,0,1,,,15383
1000129,P00049842,M,26-35,11,C,2,0,1,8,,15641
1000129,P00022942,M,26-35,11,C,2,0,5,8,,5298
1000129,P00000642,M,26-35,11,C,2,0,1,6,16,15525
1000129,P00183442,M,26-35,11,C,2,0,1,2,,19406
1000130,P00350442,M,36-45,17,B,3,1,2,3,15,3688
1000130,P00119542,M,36-45,17,B,3,1,8,14,,2209
1000130,P00025442,M,36-45,17,B,3,1,1,2,9,19706
1000130,P00080342,M,36-45,17,B,3,1,1,6,8,15907
1000130,P00127642,M,36-45,17,B,3,1,1,2,15,19062
1000130,P00127242,M,36-45,17,B,3,1,1,16,,15244
1000130,P00338542,M,36-45,17,B,3,1,1,,,19304
1000130,P00246142,M,36-45,17,B,3,1,1,15,17,19240
1000130,P00317642,M,36-45,17,B,3,1,1,2,17,19559
1000130,P00339542,M,36-45,17,B,3,1,1,,,19090
1000130,P00277442,M,36-45,17,B,3,1,1,6,15,15744
1000131,P00170642,M,18-25,4,C,4+,0,5,8,,6886
1000131,P00115442,M,18-25,4,C,4+,0,8,,,8075
1000131,P00212742,M,18-25,4,C,4+,0,5,,,8801
1000131,P00209842,M,18-25,4,C,4+,0,5,8,,8734
1000131,P00150742,M,18-25,4,C,4+,0,8,14,,5936
1000131,P00154642,M,18-25,4,C,4+,0,8,,,5945
1000131,P00109342,M,18-25,4,C,4+,0,5,,,5418
1000131,P00162642,M,18-25,4,C,4+,0,5,8,,6896
1000131,P00192542,M,18-25,4,C,4+,0,1,2,9,7734
1000131,P00017042,M,18-25,4,C,4+,0,8,,,8127
1000132,P00100842,M,26-35,17,C,1,0,5,,,8709
1000132,P00329442,M,26-35,17,C,1,0,5,8,,8678
1000132,P00303842,M,26-35,17,C,1,0,5,8,14,5463
1000132,P00045842,M,26-35,17,C,1,0,5,14,,3743
1000132,P00250242,M,26-35,17,C,1,0,5,,,8751
1000133,P00012542,F,26-35,0,C,1,1,5,14,,6954
1000133,P00152442,F,26-35,0,C,1,1,8,,,9972
1000133,P00058442,F,26-35,0,C,1,1,5,14,,7041
1000133,P00303842,F,26-35,0,C,1,1,5,8,14,8779
1000133,P00248342,F,26-35,0,C,1,1,8,13,,7797
1000134,P00218642,M,26-35,0,C,3,1,5,,,3622
1000134,P00125942,M,26-35,0,C,3,1,1,2,15,15783
1000134,P00241542,M,26-35,0,C,3,1,1,6,,3843
1000134,P00346442,M,26-35,0,C,3,1,1,2,14,3877
1000135,P00295942,M,18-25,4,C,1,1,2,5,15,16241
1000135,P00248942,M,18-25,4,C,1,1,1,6,14,19146
1000135,P00270142,M,18-25,4,C,1,1,5,,,3709
1000136,P0099042,M,18-25,2,B,3,0,5,12,14,8850
1000136,P00367142,M,18-25,2,B,3,0,11,,,1498
1000136,P00233342,M,18-25,2,B,3,0,1,15,16,4304
1000136,P00118842,M,18-25,2,B,3,0,5,8,,7031
1000136,P00034842,M,18-25,2,B,3,0,5,14,,1754
1000136,P00001142,M,18-25,2,B,3,0,5,8,14,3613
1000136,P00008842,M,18-25,2,B,3,0,1,16,,15563
1000136,P00222142,M,18-25,2,B,3,0,5,13,,7092
1000136,P00059442,M,18-25,2,B,3,0,6,8,16,16709
1000136,P00189842,M,18-25,2,B,3,0,3,4,5,5596
1000136,P00074142,M,18-25,2,B,3,0,3,4,12,8224
1000136,P00051942,M,18-25,2,B,3,0,5,6,11,6901
1000136,P00013742,M,18-25,2,B,3,0,5,,,5289
1000136,P00321742,M,18-25,2,B,3,0,5,8,17,5228
1000137,P00250842,F,46-50,6,C,4+,1,8,,,8126
1000137,P00198742,F,46-50,6,C,4+,1,1,2,11,11446
1000137,P00010742,F,46-50,6,C,4+,1,1,8,17,15334
1000137,P00303342,F,46-50,6,C,4+,1,1,16,,15739
1000137,P00004242,F,46-50,6,C,4+,1,1,6,8,11809
1000137,P00173942,F,46-50,6,C,4+,1,1,5,6,11814
1000137,P00058442,F,46-50,6,C,4+,1,5,14,,6938
1000137,P00124642,F,46-50,6,C,4+,1,16,,,16828
1000137,P00026042,F,46-50,6,C,4+,1,8,14,17,8066
1000138,P00113242,M,18-25,20,C,1,1,1,6,8,19391
1000138,P00081142,M,18-25,20,C,1,1,6,8,14,12146
1000138,P00135742,M,18-25,20,C,1,1,6,8,,19977
1000139,P00329542,F,26-35,20,C,2,0,1,15,16,7773
1000139,P00249642,F,26-35,20,C,2,0,3,5,,8314
1000139,P00020142,F,26-35,20,C,2,0,7,,,21002
1000139,P00274942,F,26-35,20,C,2,0,8,,,9746
1000139,P00110842,F,26-35,20,C,2,0,1,2,5,15239
1000139,P00121342,F,26-35,20,C,2,0,1,5,18,15795
1000139,P00121642,F,26-35,20,C,2,0,5,14,,8778
1000139,P00159542,F,26-35,20,C,2,0,10,15,16,23595
1000139,P00115142,F,26-35,20,C,2,0,1,8,17,19117
1000139,P00044442,F,26-35,20,C,2,0,1,16,,15688
1000139,P00227542,F,26-35,20,C,2,0,13,,,928
1000139,P00127842,F,26-35,20,C,2,0,1,2,15,15311
1000139,P00241642,F,26-35,20,C,2,0,1,2,11,19621
1000139,P00226742,F,26-35,20,C,2,0,11,,,1558
1000140,P00062842,F,36-45,1,B,3,0,1,2,13,3843
1000140,P00084642,F,36-45,1,B,3,0,13,16,,770
1000142,P00192042,M,26-35,7,A,2,0,5,9,14,5267
1000142,P00002542,M,26-35,7,A,2,0,8,14,,4072
1000142,P00028842,M,26-35,7,A,2,0,6,8,,20214
1000142,P00184942,M,26-35,7,A,2,0,1,8,17,12025
1000142,P00025442,M,26-35,7,A,2,0,1,2,9,15212
1000143,P00250242,M,18-25,3,C,0,0,5,,,7170
1000143,P00184942,M,18-25,3,C,0,0,1,8,17,19662
1000143,P00284642,M,18-25,3,C,0,0,5,8,,6951
1000145,P00250342,M,18-25,4,C,4+,0,16,,,16772
1000145,P00317842,M,18-25,4,C,4+,0,8,,,5953
1000145,P00214142,M,18-25,4,C,4+,0,8,,,9756
1000145,P00248342,M,18-25,4,C,4+,0,8,13,,2159
1000146,P00248942,F,36-45,20,B,3,1,1,6,14,15659
1000146,P00188542,F,36-45,20,B,3,1,5,8,14,5247
1000146,P00081142,F,36-45,20,B,3,1,6,8,14,16004
1000146,P00088242,F,36-45,20,B,3,1,6,10,13,12053
1000146,P00223842,F,36-45,20,B,3,1,2,4,8,3489
1000146,P00121042,F,36-45,20,B,3,1,15,,,16616
1000146,P00027142,F,36-45,20,B,3,1,8,,,7968
1000146,P00114142,F,36-45,20,B,3,1,8,,,9932
1000146,P00116742,F,36-45,20,B,3,1,11,,,2944
1000146,P00289642,F,36-45,20,B,3,1,8,,,8057
1000146,P00118442,F,36-45,20,B,3,1,1,2,,15347
1000146,P00227742,F,36-45,20,B,3,1,5,14,,7110
1000146,P00127542,F,36-45,20,B,3,1,1,2,15,3836
1000146,P00010842,F,36-45,20,B,3,1,8,16,,9885
1000146,P00323942,F,36-45,20,B,3,1,8,15,,9832
1000146,P00101142,F,36-45,20,B,3,1,8,,,7892
1000146,P00203142,F,36-45,20,B,3,1,16,,,16813
1000146,P00112342,F,36-45,20,B,3,1,13,16,,959
1000146,P00129642,F,36-45,20,B,3,1,5,,,5381
1000146,P00178642,F,36-45,20,B,3,1,5,15,,7055
1000146,P00288442,F,36-45,20,B,3,1,5,14,,6866
1000146,P00274042,F,36-45,20,B,3,1,1,,,19177
1000146,P00091842,F,36-45,20,B,3,1,8,,,7805
1000146,P00320442,F,36-45,20,B,3,1,6,10,,8667
1000147,P00184942,M,18-25,4,B,4+,0,1,8,17,19474
1000147,P00016042,M,18-25,4,B,4+,0,1,16,,11916
1000147,P00214242,M,18-25,4,B,4+,0,1,16,,7589
1000147,P00110742,M,18-25,4,B,4+,0,1,2,8,15308
1000147,P00008542,M,18-25,4,B,4+,0,2,8,,9614
1000147,P00352142,M,18-25,4,B,4+,0,1,6,16,15387
1000147,P00150942,M,18-25,4,B,4+,0,6,11,13,20585
1000148,P00184942,M,51-55,17,B,3,1,1,8,17,19031
1000148,P00118442,M,51-55,17,B,3,1,1,2,,15671
1000148,P00317442,M,51-55,17,B,3,1,1,8,,15289
1000148,P00063342,M,51-55,17,B,3,1,1,2,9,12101
1000148,P00042142,M,51-55,17,B,3,1,1,2,6,15383
1000148,P00047242,M,51-55,17,B,3,1,1,5,,19608
1000148,P00114542,M,51-55,17,B,3,1,5,,,1827
1000148,P00156742,M,51-55,17,B,3,1,5,6,8,1787
1000148,P00119242,M,51-55,17,B,3,1,18,,,2318
1000148,P00190742,M,51-55,17,B,3,1,3,4,9,8287
1000148,P00199442,M,51-55,17,B,3,1,5,9,,8812
1000148,P00193042,M,51-55,17,B,3,1,5,6,16,7114
1000148,P00327842,M,51-55,17,B,3,1,8,16,,7799
1000148,P00005042,M,51-55,17,B,3,1,6,16,,8657
1000148,P00057242,M,51-55,17,B,3,1,5,,,5375
1000148,P00074442,M,51-55,17,B,3,1,1,16,,11715
1000148,P00214342,M,51-55,17,B,3,1,5,,,7021
1000148,P00036542,M,51-55,17,B,3,1,4,5,,2141
1000148,P00181842,M,51-55,17,B,3,1,11,,,6053
1000148,P00304742,M,51-55,17,B,3,1,8,,,5955
1000149,P00109242,M,26-35,1,B,2,1,6,8,10,15969
1000149,P00289342,M,26-35,1,B,2,1,5,8,14,5267
1000149,P00213742,M,26-35,1,B,2,1,8,,,6151
1000149,P00293242,M,26-35,1,B,2,1,8,16,,6018
1000149,P00163842,M,26-35,1,B,2,1,8,,,6140
1000149,P00046142,M,26-35,1,B,2,1,1,16,,19091
1000149,P00028242,M,26-35,1,B,2,1,6,8,,20538
1000149,P00028542,M,26-35,1,B,2,1,6,8,14,16137
1000149,P00051442,M,26-35,1,B,2,1,8,17,,10024
1000149,P00100842,M,26-35,1,B,2,1,5,,,7047
1000149,P00184442,M,26-35,1,B,2,1,1,6,8,15571
1000149,P00345842,M,26-35,1,B,2,1,2,8,14,16235
1000149,P00323942,M,26-35,1,B,2,1,8,15,,9993
1000149,P00137542,M,26-35,1,B,2,1,1,8,16,15161
1000149,P00030842,M,26-35,1,B,2,1,1,2,15,7835
1000149,P00150342,M,26-35,1,B,2,1,8,14,,6188
1000149,P00369742,M,26-35,1,B,2,1,5,,,8752
1000149,P00069042,M,26-35,1,B,2,1,3,,,10715
1000149,P00277942,M,26-35,1,B,2,1,1,,,15210
1000149,P00283942,M,26-35,1,B,2,1,5,,,6998
1000149,P00207042,M,26-35,1,B,2,1,5,14,,7064
1000149,P00350342,M,26-35,1,B,2,1,1,6,,15165
1000150,P00294542,M,36-45,7,B,0,1,8,,,5865
1000150,P00174442,M,36-45,7,B,0,1,5,,,8697
1000150,P00033642,M,36-45,7,B,0,1,5,8,,8798
1000150,P00025442,M,36-45,7,B,0,1,1,2,9,15255
1000150,P00120042,M,36-45,7,B,0,1,1,2,,15697
1000150,P00086042,M,36-45,7,B,0,1,8,14,17,8009
1000150,P00198142,M,36-45,7,B,0,1,2,4,9,13272
1000150,P00057742,M,36-45,7,B,0,1,2,8,18,16061
1000150,P00101942,M,36-45,7,B,0,1,8,17,,7995
1000150,P00113342,M,36-45,7,B,0,1,1,8,17,15590
1000151,P00112142,F,26-35,20,A,1,1,1,2,14,12063
1000151,P00062842,F,26-35,20,A,1,1,1,2,13,11653
1000151,P00052642,F,26-35,20,A,1,1,5,14,,7011
1000151,P00021642,F,26-35,20,A,1,1,8,14,,6089
1000151,P00007342,F,26-35,20,A,1,1,8,14,,5844
1000151,P00154742,F,26-35,20,A,1,1,8,14,16,8124
1000151,P00016342,F,26-35,20,A,1,1,1,2,8,11977
1000151,P00141842,F,26-35,20,A,1,1,5,14,,7179
1000151,P00197442,F,26-35,20,A,1,1,8,14,,1990
1000151,P00048642,F,26-35,20,A,1,1,5,14,,5471
1000151,P00000642,F,26-35,20,A,1,1,1,6,16,15678
1000151,P00358742,F,26-35,20,A,1,1,5,,,6894
1000151,P00370342,F,26-35,20,A,1,1,8,,,7964
1000151,P00138542,F,26-35,20,A,1,1,5,6,,8707
1000151,P00031442,F,26-35,20,A,1,1,5,8,,8575
1000151,P00128242,F,26-35,20,A,1,1,5,12,14,7035
1000151,P00221342,F,26-35,20,A,1,1,1,2,5,11493
1000151,P00211142,F,26-35,20,A,1,1,5,,,5180
1000151,P00152742,F,26-35,20,A,1,1,5,,,7009
1000151,P00211042,F,26-35,20,A,1,1,5,,,5205
1000151,P00245642,F,26-35,20,A,1,1,5,11,12,7175
1000151,P00148342,F,26-35,20,A,1,1,5,,,7159
1000151,P00085242,F,26-35,20,A,1,1,8,14,17,6129
1000151,P00134342,F,26-35,20,A,1,1,5,,,7087
1000152,P00159942,M,18-25,4,A,3,0,5,,,8744
1000153,P00031642,M,0-17,10,C,0,0,5,,,8588
1000153,P00059442,M,0-17,10,C,0,0,6,8,16,20679
1000153,P00340642,M,0-17,10,C,0,0,5,,,8817
1000154,P00214242,M,51-55,20,A,4+,1,1,16,,7821
1000154,P00105142,M,51-55,20,A,4+,1,1,2,15,8144
1000154,P00262242,M,51-55,20,A,4+,1,1,11,16,15257
1000154,P00307342,M,51-55,20,A,4+,1,8,,,6139
1000155,P00205642,M,36-45,12,C,4+,1,5,8,,6967
1000155,P00295942,M,36-45,12,C,4+,1,2,5,15,6807
1000155,P00053942,M,36-45,12,C,4+,1,1,2,5,7944
1000155,P00248142,M,36-45,12,C,4+,1,5,,,5415
1000155,P00022542,M,36-45,12,C,4+,1,5,,,1916
1000155,P00323842,M,36-45,12,C,4+,1,2,8,,16208
1000155,P00252442,M,36-45,12,C,4+,1,8,,,9795
1000156,P00304842,F,46-50,7,C,4+,1,8,,,9872
1000156,P00002542,F,46-50,7,C,4+,1,8,14,,6010
1000156,P00240142,F,46-50,7,C,4+,1,5,,,7141
1000157,P00140042,M,36-45,16,A,1,0,1,16,,15544
1000157,P00028442,M,36-45,16,A,1,0,1,8,16,7762
1000157,P00289042,M,36-45,16,A,1,0,8,,,7948
1000157,P00141442,M,36-45,16,A,1,0,8,14,,6123
1000157,P00345742,M,36-45,16,A,1,0,1,2,15,11475
1000157,P00065342,M,36-45,16,A,1,0,2,15,,6368
1000157,P00298142,M,36-45,16,A,1,0,5,8,,6962
1000157,P00177942,M,36-45,16,A,1,0,5,8,,3522
1000157,P00223242,M,36-45,16,A,1,0,5,14,,5185
1000157,P00105942,M,36-45,16,A,1,0,5,,,5474
1000157,P00111542,M,36-45,16,A,1,0,2,17,,12920
1000158,P00347242,M,55+,7,C,2,1,8,,,9703
1000158,P00111542,M,55+,7,C,2,1,2,17,,13324
1000159,P00277642,F,46-50,0,A,1,1,2,3,10,12828
1000160,P00198042,M,36-45,7,C,3,0,11,16,,4681
1000160,P00327842,M,36-45,7,C,3,0,8,16,,5881
1000161,P00086042,M,46-50,16,C,4+,1,8,14,17,8108
1000161,P00111542,M,46-50,16,C,4+,1,2,17,,16122
1000161,P00024042,M,46-50,16,C,4+,1,7,,,20915
1000161,P00313342,M,46-50,16,C,4+,1,5,,,8689
1000161,P00064942,M,46-50,16,C,4+,1,8,,,10062
1000161,P00112442,M,46-50,16,C,4+,1,6,8,,16272
1000161,P00205442,M,46-50,16,C,4+,1,5,8,14,6875
1000161,P00312942,M,46-50,16,C,4+,1,8,14,,9821
1000161,P00289942,M,46-50,16,C,4+,1,3,4,5,13717
1000161,P00304442,M,46-50,16,C,4+,1,1,16,,15378
1000161,P00125742,M,46-50,16,C,4+,1,8,,,10040
1000161,P00285742,M,46-50,16,C,4+,1,8,,,8065
1000162,P00004842,F,18-25,4,C,4+,0,3,4,12,5711
1000162,P00249142,F,18-25,4,C,4+,0,5,,,7059
1000162,P00338442,F,18-25,4,C,4+,0,1,16,,11808
1000162,P00351142,F,18-25,4,C,4+,0,1,8,17,19091
1000162,P00010242,F,18-25,4,C,4+,0,5,,,8844
1000163,P00014742,M,18-25,4,A,1,0,11,,,1534
1000163,P00079442,M,18-25,4,A,1,0,8,,,3923
1000163,P00283942,M,18-25,4,A,1,0,5,,,3506
1000163,P00208942,M,18-25,4,A,1,0,6,,,4000
1000163,P00028242,M,18-25,4,A,1,0,6,8,,4597
1000163,P00340642,M,18-25,4,A,1,0,5,,,3460
1000163,P00322342,M,18-25,4,A,1,0,5,14,,3611
1000163,P00309142,M,18-25,4,A,1,0,1,16,,8305
1000163,P00270942,M,18-25,4,A,1,0,1,2,15,12017
1000163,P00305142,M,18-25,4,A,1,0,1,,,11575
1000163,P00019342,M,18-25,4,A,1,0,1,6,15,11374
1000163,P00128042,M,18-25,4,A,1,0,1,5,18,15312
1000163,P00345642,M,18-25,4,A,1,0,1,15,16,8067
1000163,P00229742,M,18-25,4,A,1,0,1,16,,11635
1000163,P00194642,M,18-25,4,A,1,0,1,6,13,8081
1000163,P00206442,M,18-25,4,A,1,0,1,5,9,3931
1000163,P00149542,M,18-25,4,A,1,0,1,6,13,4145
1000163,P00138242,M,18-25,4,A,1,0,1,,,3916
1000163,P00035242,M,18-25,4,A,1,0,8,14,,4012
1000163,P00135842,M,18-25,4,A,1,0,5,14,,3759
1000163,P00035742,M,18-25,4,A,1,0,11,,,2952
1000163,P00276642,M,18-25,4,A,1,0,8,11,,4152
1000163,P00019142,M,18-25,4,A,1,0,11,15,,3068
1000163,P00137642,M,18-25,4,A,1,0,3,4,12,5697
1000165,P00110942,M,18-25,16,A,1,0,1,2,,11516
1000165,P00005042,M,18-25,16,A,1,0,6,16,,19928
1000165,P00188442,M,18-25,16,A,1,0,5,7,,6873
1000165,P00329542,M,18-25,16,A,1,0,1,15,16,15879
1000165,P00346342,M,18-25,16,A,1,0,1,15,,11400
1000166,P00184942,M,18-25,4,B,1,1,1,8,17,12006
1000166,P00111042,M,18-25,4,B,1,1,15,,,16856
1000166,P00046742,M,18-25,4,B,1,1,1,2,15,15470
1000166,P00028842,M,18-25,4,B,1,1,6,8,,15956
1000166,P00238442,M,18-25,4,B,1,1,6,,,19966
1000166,P00270242,M,18-25,4,B,1,1,8,,,7786
1000166,P00073842,M,18-25,4,B,1,1,1,15,17,15454
1000166,P00197342,M,18-25,4,B,1,1,1,2,,7924
1000166,P00318142,M,18-25,4,B,1,1,2,,,9752
1000166,P00015542,M,18-25,4,B,1,1,1,2,13,11513
1000166,P00184142,M,18-25,4,B,1,1,8,14,,8115
1000166,P00034742,M,18-25,4,B,1,1,5,14,17,8843
1000166,P00049642,M,18-25,4,B,1,1,8,14,,9849
1000166,P00303642,M,18-25,4,B,1,1,8,14,,9812
1000166,P00071442,M,18-25,4,B,1,1,15,17,,16651
1000166,P00226442,M,18-25,4,B,1,1,11,15,,3172
1000166,P00110542,M,18-25,4,B,1,1,8,,,9942
1000166,P00014542,M,18-25,4,B,1,1,8,,,5966
1000166,P0098542,M,18-25,4,B,1,1,8,,,6182
1000166,P00231142,M,18-25,4,B,1,1,5,8,,5280
1000166,P00031542,M,18-25,4,B,1,1,5,,,5346
1000166,P00258742,M,18-25,4,B,1,1,5,,,8902
1000169,P00288042,M,26-35,7,B,3,0,8,,,7999
1000169,P00119142,M,26-35,7,B,3,0,3,4,12,5423
1000169,P00053842,M,26-35,7,B,3,0,4,5,12,1460
1000169,P00176042,M,26-35,7,B,3,0,8,17,,6146
1000169,P00116142,M,26-35,7,B,3,0,10,13,16,9732
1000169,P00089442,M,26-35,7,B,3,0,8,,,7861
1000169,P00128942,M,26-35,7,B,3,0,1,11,,15419
1000169,P00085442,M,26-35,7,B,3,0,12,14,,1434
1000169,P00322042,M,26-35,7,B,3,0,5,8,,6971
1000169,P00021742,M,26-35,7,B,3,0,5,,,7034
1000169,P00136542,M,26-35,7,B,3,0,5,8,,7013
1000169,P00139942,M,26-35,7,B,3,0,5,,,6898
1000169,P00194442,M,26-35,7,B,3,0,5,,,5139
1000169,P00100642,M,26-35,7,B,3,0,5,15,,5429
1000169,P00178442,M,26-35,7,B,3,0,5,,,5187
1000169,P00259342,M,26-35,7,B,3,0,5,9,,8655
1000169,P00251342,M,26-35,7,B,3,0,5,11,,5432
1000169,P00119742,M,26-35,7,B,3,0,5,8,12,7019
1000169,P00100842,M,26-35,7,B,3,0,5,,,6897
1000169,P00279642,M,26-35,7,B,3,0,7,,,8466
1000169,P00271142,M,26-35,7,B,3,0,5,,,8698
1000169,P00316742,M,26-35,7,B,3,0,4,5,,2750
1000169,P00285742,M,26-35,7,B,3,0,8,,,8015
1000169,P00193542,M,26-35,7,B,3,0,1,2,,19252
1000169,P00329342,M,26-35,7,B,3,0,5,,,5446
1000169,P00048142,M,26-35,7,B,3,0,1,16,,15800
1000169,P00042942,M,26-35,7,B,3,0,1,15,,15851
1000169,P00241242,M,26-35,7,B,3,0,1,11,15,15402
1000169,P00250542,M,26-35,7,B,3,0,4,5,,1454
1000170,P00111142,M,26-35,11,C,1,1,1,15,16,19696
1000170,P00113342,M,26-35,11,C,1,1,1,8,17,15745
1000171,P00100442,F,51-55,17,B,1,1,2,4,5,16018
1000172,P00346542,M,26-35,3,C,2,0,10,13,16,14070
1000173,P00084642,M,26-35,0,B,1,1,13,16,,759
1000173,P00279142,M,26-35,0,B,1,1,7,,,16590
1000173,P00028842,M,26-35,0,B,1,1,6,8,,20537
1000173,P00256542,M,26-35,0,B,1,1,6,13,,12662
1000173,P00272042,M,26-35,0,B,1,1,8,14,,9960
1000173,P00057642,M,26-35,0,B,1,1,1,15,16,15351
1000173,P00126142,M,26-35,0,B,1,1,8,16,,10013
1000173,P00348542,M,26-35,0,B,1,1,1,16,,11598
1000173,P00304442,M,26-35,0,B,1,1,1,16,,11563
1000173,P00370242,M,26-35,0,B,1,1,5,,,7184
1000173,P00310242,M,26-35,0,B,1,1,7,,,12739
1000173,P00350542,M,26-35,0,B,1,1,8,17,,6085
1000173,P00318942,M,26-35,0,B,1,1,8,16,,5909
1000173,P00323742,M,26-35,0,B,1,1,8,,,9786
1000173,P00150142,M,26-35,0,B,1,1,8,,,10074
1000173,P00062742,M,26-35,0,B,1,1,8,17,,8051
1000173,P00367042,M,26-35,0,B,1,1,8,,,8062
1000173,P00070042,M,26-35,0,B,1,1,1,2,16,7861
1000173,P00129642,M,26-35,0,B,1,1,5,,,5173
1000173,P00211942,M,26-35,0,B,1,1,8,,,9825
1000173,P00213742,M,26-35,0,B,1,1,8,,,10064
1000173,P00252842,M,26-35,0,B,1,1,8,,,9845
1000173,P00341342,M,26-35,0,B,1,1,1,8,17,19472
1000173,P00117342,M,26-35,0,B,1,1,1,8,13,11693
1000173,P00050242,M,26-35,0,B,1,1,8,,,8053
1000173,P00039942,M,26-35,0,B,1,1,8,,,6078
1000173,P00044342,M,26-35,0,B,1,1,8,,,5962
1000174,P00062842,M,26-35,16,C,2,0,1,2,13,15828
1000174,P00332242,M,26-35,16,C,2,0,1,16,,15864
1000174,P00112542,M,26-35,16,C,2,0,1,11,15,15864
1000174,P00113342,M,26-35,16,C,2,0,1,8,17,19396
1000174,P00145042,M,26-35,16,C,2,0,1,2,5,11457
1000174,P00090942,M,26-35,16,C,2,0,1,2,14,11823
1000174,P00048142,M,26-35,16,C,2,0,1,16,,15267
1000175,P00302742,F,26-35,2,B,1,0,8,,,9805
1000175,P00286842,F,26-35,2,B,1,0,5,8,,8766
1000175,P00102342,F,26-35,2,B,1,0,8,14,17,7918
1000175,P00274942,F,26-35,2,B,1,0,8,,,9995
1000175,P00104542,F,26-35,2,B,1,0,8,,,8113
1000175,P00360042,F,26-35,2,B,1,0,8,,,9749
1000175,P00085542,F,26-35,2,B,1,0,5,14,,6919
1000175,P00307642,F,26-35,2,B,1,0,5,6,,1772
1000175,P00052842,F,26-35,2,B,1,0,10,15,,23341
1000175,P00057542,F,26-35,2,B,1,0,3,4,5,10604
1000175,P00064042,F,26-35,2,B,1,0,3,4,12,10681
1000175,P00112142,F,26-35,2,B,1,0,1,2,14,19442
1000175,P00119142,F,26-35,2,B,1,0,3,4,12,8323
1000176,P00282842,F,18-25,3,C,1,0,5,,,5202
1000177,P00112142,M,51-55,1,B,3,1,1,2,14,19108
1000177,P00032842,M,51-55,1,B,3,1,8,,,9828
1000177,P00084442,M,51-55,1,B,3,1,13,16,,776
1000177,P00112542,M,51-55,1,B,3,1,1,11,15,11595
1000178,P00102542,M,55+,17,A,2,1,8,,,7900
1000178,P00273442,M,55+,17,A,2,1,12,14,17,1381
1000178,P00281542,M,55+,17,A,2,1,5,,,7187
1000178,P00367542,M,55+,17,A,2,1,5,,,5457
1000179,P00253042,M,26-35,0,A,1,0,8,,,6147
1000179,P00105142,M,26-35,0,A,1,0,1,2,15,11687
1000180,P00317842,M,46-50,12,C,4+,0,8,,,6086
1000180,P00337942,M,46-50,12,C,4+,0,5,,,5444
1000181,P00274942,M,18-25,17,C,1,0,8,,,9820
1000181,P00021742,M,18-25,17,C,1,0,5,,,8614
1000181,P00034042,M,18-25,17,C,1,0,1,2,16,15825
1000181,P00113142,M,18-25,17,C,1,0,1,5,12,19050
1000181,P00346942,M,18-25,17,C,1,0,1,5,,11763
1000181,P00221942,M,18-25,17,C,1,0,1,8,,11639
1000181,P00035842,M,18-25,17,C,1,0,5,6,9,7090
1000181,P00000142,M,18-25,17,C,1,0,3,4,5,5396
1000181,P00284642,M,18-25,17,C,1,0,5,8,,3454
1000181,P00313342,M,18-25,17,C,1,0,5,,,6906
1000181,P00288342,M,18-25,17,C,1,0,8,,,9979
1000181,P00115542,M,18-25,17,C,1,0,8,,,7938
1000181,P00003642,M,18-25,17,C,1,0,8,,,8141
1000182,P00370242,M,18-25,4,C,0,0,5,,,8576
1000182,P00000142,M,18-25,4,C,0,0,3,4,5,13301
1000182,P00289942,M,18-25,4,C,0,0,3,4,5,11048
1000182,P00161442,M,18-25,4,C,0,0,5,14,,5359
1000182,P00321942,M,18-25,4,C,0,0,5,,,8862
1000182,P00028842,M,18-25,4,C,0,0,6,8,,16234
1000183,P00100142,F,46-50,1,B,1,1,10,16,,14334
1000183,P00039942,F,46-50,1,B,1,1,8,,,9941
1000183,P00057542,F,46-50,1,B,1,1,3,4,5,13275
1000183,P00313542,F,46-50,1,B,1,1,5,8,,8690
1000183,P00117442,F,46-50,1,B,1,1,5,14,,6916
1000183,P00120142,F,46-50,1,B,1,1,5,,,8788
1000183,P00129742,F,46-50,1,B,1,1,5,8,,7142
1000184,P00068042,F,26-35,0,C,4+,1,3,4,,7954
1000184,P00339542,F,26-35,0,C,4+,1,1,,,15466
1000184,P00003442,F,26-35,0,C,4+,1,4,5,8,3427
1000184,P00189842,F,26-35,0,C,4+,1,3,4,5,13601
1000185,P00182742,M,46-50,0,C,0,0,1,2,14,15327
1000185,P00147942,M,46-50,0,C,0,0,1,16,,15780
1000185,P00020342,M,46-50,0,C,0,0,1,2,,8200
1000186,P00111142,M,18-25,5,C,0,0,1,15,16,19452
1000186,P00172842,M,18-25,5,C,0,0,3,4,,10834
1000186,P00262242,M,18-25,5,C,0,0,1,11,16,15614
1000187,P00317942,F,46-50,1,B,1,0,8,16,,8127
1000187,P00158142,F,46-50,1,B,1,0,8,,,9776
1000187,P00002142,F,46-50,1,B,1,0,1,5,8,15560
1000187,P00247742,F,46-50,1,B,1,0,8,,,10055
1000187,P00092642,F,46-50,1,B,1,0,5,8,,5232
1000187,P00051142,F,46-50,1,B,1,0,8,,,5832
1000187,P00005642,F,46-50,1,B,1,0,8,,,9912
1000187,P00102242,F,46-50,1,B,1,0,8,12,,7801
1000187,P00283242,F,46-50,1,B,1,0,5,8,,7031
1000187,P00017742,F,46-50,1,B,1,0,8,14,,8053
1000187,P00309542,F,46-50,1,B,1,0,5,14,,7039
1000187,P00247642,F,46-50,1,B,1,0,7,,,20771
1000187,P0009942,F,46-50,1,B,1,0,5,,,7052
1000187,P00155742,F,46-50,1,B,1,0,8,,,10075
1000187,P00250842,F,46-50,1,B,1,0,8,,,8000
1000187,P00152442,F,46-50,1,B,1,0,8,,,7876
1000187,P00234842,F,46-50,1,B,1,0,5,6,16,7036
1000187,P00283942,F,46-50,1,B,1,0,5,,,8897
1000187,P00211142,F,46-50,1,B,1,0,5,,,6911
1000187,P00023642,F,46-50,1,B,1,0,8,12,,7879
1000187,P00161442,F,46-50,1,B,1,0,5,14,,6907
1000188,P00255842,M,55+,16,C,2,0,16,,,12379
1000188,P00307542,M,55+,16,C,2,0,1,15,,11916
1000188,P00250642,M,55+,16,C,2,0,11,,,4678
1000188,P00284042,M,55+,16,C,2,0,8,17,,8022
1000190,P00238442,M,26-35,17,A,1,0,6,,,12235
1000190,P00125342,M,26-35,17,A,1,0,11,,,4508
1000190,P00367242,M,26-35,17,A,1,0,11,,,4686
1000190,P00059742,M,26-35,17,A,1,0,1,11,15,11823
1000191,P00158542,M,18-25,4,C,1,1,5,6,13,8861
1000192,P00208742,M,18-25,1,B,2,0,1,6,16,12001
1000192,P00270242,M,18-25,1,B,2,0,8,,,10012
1000192,P00111142,M,18-25,1,B,2,0,1,15,16,15294
1000192,P0095142,M,18-25,1,B,2,0,2,4,,6727
1000192,P00023142,M,18-25,1,B,2,0,5,14,,3713
1000192,P00151742,M,18-25,1,B,2,0,8,15,16,6015
1000192,P00061142,M,18-25,1,B,2,0,8,16,,7918
1000192,P00159542,M,18-25,1,B,2,0,10,15,16,9565
1000192,P00127842,M,18-25,1,B,2,0,1,2,15,11428
1000192,P00025442,M,18-25,1,B,2,0,1,2,9,15223
1000192,P00127342,M,18-25,1,B,2,0,1,2,15,8108
1000192,P00153742,M,18-25,1,B,2,0,8,,,6003
1000192,P00117742,M,18-25,1,B,2,0,8,,,5849
1000192,P00143342,M,18-25,1,B,2,0,1,14,16,4004
1000192,P00277542,M,18-25,1,B,2,0,1,6,15,4135
1000192,P00324942,M,18-25,1,B,2,0,5,,,5354
1000193,P00092242,F,46-50,15,C,1,1,5,8,,5311
1000193,P00085242,F,46-50,15,C,1,1,8,14,17,10018
1000193,P00119342,F,46-50,15,C,1,1,10,13,,19149
1000193,P00150342,F,46-50,15,C,1,1,8,14,,9862
1000193,P00115942,F,46-50,15,C,1,1,8,17,,7922
1000193,P00355942,F,46-50,15,C,1,1,8,13,,7880
1000193,P00013342,F,46-50,15,C,1,1,7,,,12662
1000193,P00089542,F,46-50,15,C,1,1,5,,,5447
1000193,P00107642,F,46-50,15,C,1,1,5,,,5362
1000194,P00085242,F,0-17,10,C,3,0,8,14,17,8104
1000194,P00322342,F,0-17,10,C,3,0,5,14,,7160
1000195,P00031042,M,26-35,12,B,4+,1,8,,,9761
1000195,P00267142,M,26-35,12,B,4+,1,8,12,,9985
1000195,P00021842,M,26-35,12,B,4+,1,5,8,14,8859
1000195,P00019142,M,26-35,12,B,4+,1,11,15,,6090
1000195,P00182242,M,26-35,12,B,4+,1,1,5,6,15545
1000195,P00104542,M,26-35,12,B,4+,1,8,,,9865
1000195,P00143342,M,26-35,12,B,4+,1,1,14,16,4163
1000195,P00050342,M,26-35,12,B,4+,1,5,8,17,6916
1000195,P0099742,M,26-35,12,B,4+,1,3,4,5,8182
1000195,P00212342,M,26-35,12,B,4+,1,8,,,9992
1000195,P00277542,M,26-35,12,B,4+,1,1,6,15,11896
1000195,P00153642,M,26-35,12,B,4+,1,8,,,7784
1000195,P00244042,M,26-35,12,B,4+,1,1,2,15,11594
1000195,P00049442,M,26-35,12,B,4+,1,1,8,,15310
1000195,P00068942,M,26-35,12,B,4+,1,5,,,5392
1000195,P00029842,M,26-35,12,B,4+,1,8,,,10004
1000195,P00226442,M,26-35,12,B,4+,1,11,15,,1761
1000195,P00089242,M,26-35,12,B,4+,1,2,5,,12890
1000195,P00037142,M,26-35,12,B,4+,1,1,2,5,19482
1000195,P00322742,M,26-35,12,B,4+,1,8,11,,6199
1000195,P00168742,M,26-35,12,B,4+,1,1,5,,11817
1000195,P00136442,M,26-35,12,B,4+,1,14,,,7670
1000195,P00324942,M,26-35,12,B,4+,1,5,,,6875
1000195,P00256642,M,26-35,12,B,4+,1,5,,,5401
1000195,P00158242,M,26-35,12,B,4+,1,6,8,,20060
1000195,P00357942,M,26-35,12,B,4+,1,8,14,,9862
1000195,P00003642,M,26-35,12,B,4+,1,8,,,7971
1000195,P00183142,M,26-35,12,B,4+,1,15,,,21224
1000195,P00241642,M,26-35,12,B,4+,1,1,2,11,12096
1000195,P00042842,M,26-35,12,B,4+,1,5,,,7178
1000195,P00330042,M,26-35,12,B,4+,1,5,,,6988
1000195,P00038342,M,26-35,12,B,4+,1,2,4,,16477
1000195,P00270242,M,26-35,12,B,4+,1,8,,,7767
1000195,P00287542,M,26-35,12,B,4+,1,8,,,8120
1000195,P00279642,M,26-35,12,B,4+,1,7,,,16500
1000196,P00110542,F,36-45,9,C,4+,0,8,,,8072
1000196,P00034842,F,36-45,9,C,4+,0,5,14,,7057
1000196,P00370242,F,36-45,9,C,4+,0,5,,,5411
1000196,P00059442,F,36-45,9,C,4+,0,6,8,16,19899
1000196,P00265242,F,36-45,9,C,4+,0,5,8,,8767
1000197,P0099342,M,18-25,14,A,3,0,5,8,,7041
1000198,P00046742,M,26-35,12,A,0,1,1,2,15,15165
1000198,P00021742,M,26-35,12,A,0,1,5,,,8568
1000198,P00250542,M,26-35,12,A,0,1,4,5,,2738
1000198,P00351142,M,26-35,12,A,0,1,1,8,17,15695
1000198,P00313342,M,26-35,12,A,0,1,5,,,5344
1000198,P00316742,M,26-35,12,A,0,1,4,5,,2863
1000198,P00282642,M,26-35,12,A,0,1,5,,,5347
1000198,P00190142,M,26-35,12,A,0,1,3,4,5,10585
1000198,P00196142,M,26-35,12,A,0,1,3,4,5,10680
1000198,P00187442,M,26-35,12,A,0,1,2,4,5,9823
1000198,P00128242,M,26-35,12,A,0,1,5,12,14,8767
1000198,P00303142,M,26-35,12,A,0,1,5,,,6909
1000198,P00025442,M,26-35,12,A,0,1,1,2,9,19296
1000198,P0097242,M,26-35,12,A,0,1,1,16,,19659
1000198,P00274142,M,26-35,12,A,0,1,1,,,15883
1000198,P00277842,M,26-35,12,A,0,1,1,,,11692
1000198,P00184442,M,26-35,12,A,0,1,1,6,8,7839
1000198,P0095342,M,26-35,12,A,0,1,2,4,,13096
1000198,P00071442,M,26-35,12,A,0,1,15,17,,16854
1000199,P00118142,M,18-25,4,B,1,0,8,17,,6134
1000199,P00130742,M,18-25,4,B,1,0,1,14,17,7706
1000199,P00048442,M,18-25,4,B,1,0,5,14,,5211
1000199,P00182742,M,18-25,4,B,1,0,1,2,14,7924
1000199,P00128342,M,18-25,4,B,1,0,5,12,14,1941
1000199,P00114942,M,18-25,4,B,1,0,1,15,16,11840
1000199,P00102642,M,18-25,4,B,1,0,4,8,9,3466
1000199,P00144642,M,18-25,4,B,1,0,1,15,16,11988
1000199,P00153742,M,18-25,4,B,1,0,8,,,8121
1000199,P00021342,M,18-25,4,B,1,0,5,8,,5365
1000199,P00226142,M,18-25,4,B,1,0,8,9,,2229
1000199,P00164342,M,18-25,4,B,1,0,5,8,,5388
1000199,P00041142,M,18-25,4,B,1,0,8,,,2141
1000199,P00303442,M,18-25,4,B,1,0,1,8,14,4161
1000199,P00222942,M,18-25,4,B,1,0,1,2,8,15682
1000199,P00041042,M,18-25,4,B,1,0,1,16,,15793
1000200,P00240142,F,18-25,4,C,0,0,5,,,5208
1000201,P00051442,F,36-45,2,A,1,0,8,17,,9891
1000201,P00126142,F,36-45,2,A,1,0,8,16,,7845
1000201,P00171542,F,36-45,2,A,1,0,2,5,14,9687
1000201,P00059442,F,36-45,2,A,1,0,6,8,16,16604
1000201,P00177942,F,36-45,2,A,1,0,5,8,,8743
1000202,P00117442,M,18-25,4,A,3,0,5,14,,7013
1000202,P00220442,M,18-25,4,A,3,0,5,14,,8796
1000202,P00227742,M,18-25,4,A,3,0,5,14,,1943
1000202,P00354342,M,18-25,4,A,3,0,5,11,,5268
1000202,P00223642,M,18-25,4,A,3,0,11,15,,6005
1000202,P00179642,M,18-25,4,A,3,0,11,,,4421
1000202,P00059442,M,18-25,4,A,3,0,6,8,16,20556
1000202,P00163142,M,18-25,4,A,3,0,6,8,,12270
1000202,P00093642,M,18-25,4,A,3,0,6,,,12039
1000202,P00307642,M,18-25,4,A,3,0,5,6,,8595
1000202,P00277542,M,18-25,4,A,3,0,1,6,15,7784
1000202,P00111142,M,18-25,4,A,3,0,1,15,16,15180
1000202,P00321742,M,18-25,4,A,3,0,5,8,17,5471
1000202,P00303742,M,18-25,4,A,3,0,8,,,7765
1000202,P00022942,M,18-25,4,A,3,0,5,8,,7140
1000202,P00145442,M,18-25,4,A,3,0,8,15,,9979
1000202,P00272242,M,18-25,4,A,3,0,8,,,8051
1000202,P00075742,M,18-25,4,A,3,0,8,14,,7928
1000202,P00224142,M,18-25,4,A,3,0,8,,,8010
1000202,P00027642,M,18-25,4,A,3,0,8,,,5823
1000202,P00265542,M,18-25,4,A,3,0,5,8,,6882
1000202,P00041742,M,18-25,4,A,3,0,8,,,6071
1000202,P00046142,M,18-25,4,A,3,0,1,16,,15416
1000202,P00127242,M,18-25,4,A,3,0,1,16,,15548
1000202,P00244042,M,18-25,4,A,3,0,1,2,15,11897
1000202,P00053542,M,18-25,4,A,3,0,1,,,7623
1000202,P00240142,M,18-25,4,A,3,0,5,,,3491
1000202,P00212942,M,18-25,4,A,3,0,5,,,7065
1000202,P00227842,M,18-25,4,A,3,0,2,5,,12900
1000202,P00137242,M,18-25,4,A,3,0,5,,,5384
1000202,P00207242,M,18-25,4,A,3,0,5,,,5264
1000202,P00328342,M,18-25,4,A,3,0,5,,,6966
1000202,P00055142,M,18-25,4,A,3,0,5,,,3469
1000203,P00297042,F,18-25,4,B,1,1,8,,,4104
1000203,P00289242,F,18-25,4,B,1,1,1,8,,15703
1000203,P00223942,F,18-25,4,B,1,1,5,8,,6887
1000204,P00370242,M,26-35,7,B,1,1,5,,,8781
1000204,P00230842,M,26-35,7,B,1,1,8,,,8021
1000204,P00193242,M,26-35,7,B,1,1,6,8,,8230
1000204,P00326842,M,26-35,7,B,1,1,5,8,,5270
1000204,P00042142,M,26-35,7,B,1,1,1,2,6,15718
1000204,P00050742,M,26-35,7,B,1,1,5,,,3603
1000204,P00144242,M,26-35,7,B,1,1,5,14,,7064
1000204,P00266542,M,26-35,7,B,1,1,2,16,,12957
1000204,P00352842,M,26-35,7,B,1,1,2,6,15,13242
1000204,P00242742,M,26-35,7,B,1,1,1,2,9,19647
1000204,P00117942,M,26-35,7,B,1,1,5,15,,6913
1000204,P00258742,M,26-35,7,B,1,1,5,,,7016
1000204,P00282642,M,26-35,7,B,1,1,5,,,6992
1000204,P00003242,M,26-35,7,B,1,1,8,15,,8016
1000204,P00015642,M,26-35,7,B,1,1,8,16,17,9964
1000204,P00120842,M,26-35,7,B,1,1,8,17,,8023
1000205,P00112542,M,36-45,12,A,1,0,1,11,15,15735
1000205,P00304442,M,36-45,12,A,1,0,1,16,,19026
1000205,P00114042,M,36-45,12,A,1,0,5,14,,8616
1000205,P00357242,M,36-45,12,A,1,0,5,,,8811
1000205,P00118542,M,36-45,12,A,1,0,5,8,,7010
1000205,P00319342,M,36-45,12,A,1,0,5,8,,3442
1000205,P00118442,M,36-45,12,A,1,0,1,2,,19626
1000205,P00313442,M,36-45,12,A,1,0,5,6,8,5256
1000205,P00031042,M,36-45,12,A,1,0,8,,,9935
1000206,P00285842,M,26-35,17,C,1,0,5,,,1961
1000206,P00161142,M,26-35,17,C,1,0,11,,,3195
1000208,P00010742,M,36-45,17,C,1,1,1,8,17,15372
1000208,P00200642,M,36-45,17,C,1,1,10,16,,18781
1000208,P00213242,M,36-45,17,C,1,1,5,8,,8851
1000208,P00173342,M,36-45,17,C,1,1,1,6,14,11843
1000208,P00343042,M,36-45,17,C,1,1,5,18,,6975
1000208,P00326242,M,36-45,17,C,1,1,2,18,,6447
1000209,P00196742,M,36-45,1,B,4+,0,8,,,7847
1000210,P00063342,F,0-17,10,C,0,0,1,2,9,3829
1000210,P00016542,F,0-17,10,C,0,0,1,6,16,19332
1000210,P00129342,F,0-17,10,C,0,0,1,5,15,7582
1000211,P00332242,M,46-50,17,C,1,1,1,16,,19461
1000211,P00135742,M,46-50,17,C,1,1,6,8,,3988
1000211,P00142142,M,46-50,17,C,1,1,1,2,15,15486
1000212,P00025542,M,26-35,16,C,3,0,8,,,3937
1000212,P00128742,M,26-35,16,C,3,0,1,,,15174
1000212,P00087442,M,26-35,16,C,3,0,5,,,7121
1000212,P00335242,M,26-35,16,C,3,0,5,8,,5306
1000212,P00048742,M,26-35,16,C,3,0,5,,,7157
1000214,P00334242,M,18-25,20,C,1,0,1,8,,11915
1000214,P00351142,M,18-25,20,C,1,0,1,8,17,11417
1000214,P00212742,M,18-25,20,C,1,0,5,,,6897
1000214,P00150542,M,18-25,20,C,1,0,5,,,6866
1000214,P00247042,M,18-25,20,C,1,0,5,14,,3503
1000214,P00161242,M,18-25,20,C,1,0,1,5,12,7827
1000215,P00351342,M,36-45,14,C,1,1,1,2,16,15634
1000215,P00000142,M,36-45,14,C,1,1,3,4,5,10620
1000216,P00152742,M,46-50,13,B,1,0,5,,,8779
1000216,P00295942,M,46-50,13,B,1,0,2,5,15,6949
1000216,P00205442,M,46-50,13,B,1,0,5,8,14,7048
1000216,P00033342,M,46-50,13,B,1,0,5,14,,5161
1000216,P00101242,M,46-50,13,B,1,0,5,12,,3756
1000216,P00150542,M,46-50,13,B,1,0,5,,,6979
1000216,P00205242,M,46-50,13,B,1,0,5,,,8678
1000216,P00302042,M,46-50,13,B,1,0,5,,,5258
1000216,P00362442,M,46-50,13,B,1,0,5,,,7036
1000216,P00335242,M,46-50,13,B,1,0,5,8,,8873
1000216,P00206642,M,46-50,13,B,1,0,5,,,6889
1000216,P00045342,M,46-50,13,B,1,0,1,5,17,15893
1000216,P00260142,M,46-50,13,B,1,0,5,14,,6958
1000216,P00129342,M,46-50,13,B,1,0,1,5,15,15714
1000216,P00088542,M,46-50,13,B,1,0,5,12,14,7169
1000216,P00085542,M,46-50,13,B,1,0,5,14,,7121
1000216,P00214742,M,46-50,13,B,1,0,5,14,,5415
1000216,P00344842,M,46-50,13,B,1,0,5,,,5443
1000216,P00110942,M,46-50,13,B,1,0,1,2,,19234
1000216,P00086442,M,46-50,13,B,1,0,8,13,15,9748
1000216,P00111042,M,46-50,13,B,1,0,15,,,17204
1000216,P00119642,M,46-50,13,B,1,0,1,2,8,15555
1000216,P00362542,M,46-50,13,B,1,0,8,,,8128
1000216,P00120042,M,46-50,13,B,1,0,1,2,,15601
1000216,P00274042,M,46-50,13,B,1,0,1,,,11539
1000216,P00246942,M,46-50,13,B,1,0,17,,,10322
1000216,P00277642,M,46-50,13,B,1,0,2,3,10,3406
1000216,P00032842,M,46-50,13,B,1,0,8,,,4212
1000216,P00331642,M,46-50,13,B,1,0,12,,,396
1000216,P00297942,M,46-50,13,B,1,0,8,,,9786
1000216,P00102542,M,46-50,13,B,1,0,8,,,5926
1000216,P00191742,M,46-50,13,B,1,0,4,11,,1400
1000216,P00303042,M,46-50,13,B,1,0,5,,,3657
1000216,P00281942,M,46-50,13,B,1,0,15,,,12953
1000216,P00295242,M,46-50,13,B,1,0,8,,,7764
1000216,P00150342,M,46-50,13,B,1,0,8,14,,2000
1000216,P00289242,M,46-50,13,B,1,0,1,8,,15490
1000217,P00334242,M,18-25,4,A,1,0,1,8,,15222
1000218,P00295842,M,36-45,14,C,3,1,5,8,,1796
1000218,P00178042,M,36-45,14,C,3,1,8,14,,5892
1000218,P00366542,M,36-45,14,C,3,1,5,,,5406
1000219,P00351342,F,26-35,4,A,0,0,1,2,16,12108
1000219,P00361842,F,26-35,4,A,0,0,15,16,,17189
1000220,P00366542,M,26-35,12,A,3,0,5,,,7056
1000220,P00334242,M,26-35,12,A,3,0,1,8,,15828
1000220,P00184142,M,26-35,12,A,3,0,8,14,,9760
1000221,P00326742,F,26-35,0,B,2,1,11,,,5957
1000222,P00114342,M,26-35,1,A,1,0,1,8,17,15204
1000222,P00249042,M,26-35,1,A,1,0,7,,,16626
1000222,P00265242,M,26-35,1,A,1,0,5,8,,6944
1000223,P00145042,M,26-35,17,B,4+,0,1,2,5,15851
1000223,P00242742,M,26-35,17,B,4+,0,1,2,9,11978
1000223,P00136342,M,26-35,17,B,4+,0,4,5,,2098
1000223,P00331942,M,26-35,17,B,4+,0,5,,,7069
1000223,P00102042,M,26-35,17,B,4+,0,5,,,6854
1000223,P00218842,M,26-35,17,B,4+,0,5,,,6970
1000223,P00057742,M,26-35,17,B,4+,0,2,8,18,6472
1000223,P00102942,M,26-35,17,B,4+,0,1,14,,19303
1000223,P00058042,M,26-35,17,B,4+,0,8,16,,10042
1000225,P00022642,M,26-35,7,A,0,0,5,8,,5169
1000225,P00268442,M,26-35,7,A,0,0,8,17,,10051
1000225,P00242742,M,26-35,7,A,0,0,1,2,9,4293
1000225,P00139942,M,26-35,7,A,0,0,5,,,5152
1000225,P00248142,M,26-35,7,A,0,0,5,,,5358
1000225,P00114642,M,26-35,7,A,0,0,5,8,,6957
1000225,P00148642,M,26-35,7,A,0,0,6,10,13,19991
1000225,P00255742,M,26-35,7,A,0,0,3,4,,8182
1000225,P00004742,M,26-35,7,A,0,0,6,16,,19995
1000225,P00101942,M,26-35,7,A,0,0,8,17,,9804
1000225,P00106942,M,26-35,7,A,0,0,8,,,8086
1000225,P00112542,M,26-35,7,A,0,0,1,11,15,15230
1000225,P00121342,M,26-35,7,A,0,0,1,5,18,15826
1000225,P00111842,M,26-35,7,A,0,0,8,,,7989
1000225,P00304142,M,26-35,7,A,0,0,5,11,,5299
1000225,P00249842,M,26-35,7,A,0,0,8,,,7839
1000225,P00008542,M,26-35,7,A,0,0,2,8,,6409
1000225,P00323442,M,26-35,7,A,0,0,5,9,,3701
1000225,P00129442,M,26-35,7,A,0,0,5,8,,6983
1000225,P00303742,M,26-35,7,A,0,0,8,,,7979
1000225,P00021042,M,26-35,7,A,0,0,8,14,,6149
1000227,P00278642,M,36-45,20,B,0,0,5,,,7094
1000227,P00250842,M,36-45,20,B,0,0,8,,,7888
1000228,P00256642,M,26-35,15,A,1,0,5,,,3687
1000229,P00367042,M,18-25,10,C,1,0,8,,,8114
1000229,P00166242,M,18-25,10,C,1,0,8,,,10049
1000229,P00307342,M,18-25,10,C,1,0,8,,,6197
1000229,P00335542,M,18-25,10,C,1,0,8,,,5914
1000229,P00363742,M,18-25,10,C,1,0,5,,,3472
1000229,P00225042,M,18-25,10,C,1,0,8,,,8070
1000229,P00129542,M,18-25,10,C,1,0,8,14,,7774
1000229,P00002642,M,18-25,10,C,1,0,8,,,7929
1000229,P00156742,M,18-25,10,C,1,0,5,6,8,5325
1000229,P00110742,M,18-25,10,C,1,0,1,2,8,19273
1000229,P00057642,M,18-25,10,C,1,0,1,15,16,4095
1000230,P00351342,M,46-50,1,C,1,0,1,2,16,15797
1000230,P00312742,M,46-50,1,C,1,0,15,,,16889
1000230,P00216342,M,46-50,1,C,1,0,3,4,5,11015
1000230,P00234542,M,46-50,1,C,1,0,5,,,6986
1000230,P00140742,M,46-50,1,C,1,0,1,15,,15914
1000230,P00173842,M,46-50,1,C,1,0,1,2,15,19190
1000230,P00105142,M,46-50,1,C,1,0,1,2,15,19228
1000230,P00277642,M,46-50,1,C,1,0,2,3,10,13077
1000230,P00313542,M,46-50,1,C,1,0,5,8,,8791
1000231,P00270942,M,26-35,3,A,1,0,1,2,15,11516
1000231,P00201342,M,26-35,3,A,1,0,1,2,9,19474
1000231,P00205942,M,26-35,3,A,1,0,5,8,14,8787
1000231,P00327342,M,26-35,3,A,1,0,16,,,20878
1000232,P00328142,M,26-35,20,A,1,1,8,16,,4253
1000232,P00089142,M,26-35,20,A,1,1,5,,,7131
1000232,P00216342,M,26-35,20,A,1,1,3,4,5,10901
1000232,P00127942,M,26-35,20,A,1,1,1,2,5,11970
1000233,P00194542,F,46-50,20,C,2,1,8,14,,9905
1000233,P0096442,F,46-50,20,C,2,1,4,5,12,3466
1000234,P00288542,M,36-45,7,C,2,0,8,,,7933
1000234,P00024742,M,36-45,7,C,2,0,8,11,,8036
1000235,P00053642,M,26-35,0,B,0,0,7,,,20273
1000235,P00173342,M,26-35,0,B,0,0,1,6,14,19648
1000235,P00280742,M,26-35,0,B,0,0,6,8,,19976
1000235,P00101842,M,26-35,0,B,0,0,6,16,,20261
1000235,P00138542,M,26-35,0,B,0,0,5,6,,8685
1000235,P00011342,M,26-35,0,B,0,0,6,,,16605
1000235,P00002942,M,26-35,0,B,0,0,2,15,,12992
1000235,P00116142,M,26-35,0,B,0,0,10,13,16,23826
1000235,P00024142,M,26-35,0,B,0,0,8,9,14,9719
1000235,P00258442,M,26-35,0,B,0,0,5,,,8873
1000235,P00246342,M,26-35,0,B,0,0,11,15,,7537
1000235,P00331342,M,26-35,0,B,0,0,8,16,,8073
1000235,P00360742,M,26-35,0,B,0,0,5,,,8843
1000235,P00120442,M,26-35,0,B,0,0,8,,,7860
1000235,P00289342,M,26-35,0,B,0,0,5,8,14,6873
1000235,P00150542,M,26-35,0,B,0,0,5,,,6997
1000235,P00196042,M,26-35,0,B,0,0,4,9,15,2811
1000235,P00276142,M,26-35,0,B,0,0,12,,,1386
1000235,P00176942,M,26-35,0,B,0,0,5,,,7119
1000236,P00112142,M,26-35,5,B,2,0,1,2,14,19133
1000236,P00044442,M,26-35,5,B,2,0,1,16,,15860
1000237,P00102342,M,26-35,6,C,1,1,8,14,17,2105
1000237,P00255842,M,26-35,6,C,1,1,16,,,20742
1000237,P00338442,M,26-35,6,C,1,1,1,16,,19619
1000237,P00145042,M,26-35,6,C,1,1,1,2,5,15916
1000237,P00117942,M,26-35,6,C,1,1,5,15,,8759
1000237,P00139942,M,26-35,6,C,1,1,5,,,5320
1000237,P00045342,M,26-35,6,C,1,1,1,5,17,11661
1000237,P00145842,M,26-35,6,C,1,1,4,5,,1460
1000238,P00216542,F,51-55,7,B,0,0,8,,,9929
1000238,P00350042,F,51-55,7,B,0,0,6,8,,12084
1000238,P00355942,F,51-55,7,B,0,0,8,13,,9933
1000238,P00295542,F,51-55,7,B,0,0,8,,,7973
1000238,P00114342,F,51-55,7,B,0,0,1,8,17,15524
1000238,P00118142,F,51-55,7,B,0,0,8,17,,7842
1000238,P00091142,F,51-55,7,B,0,0,8,,,7765
1000238,P00026542,F,51-55,7,B,0,0,8,,,6041
1000238,P00242042,F,51-55,7,B,0,0,8,14,,7822
1000238,P00205442,F,51-55,7,B,0,0,5,8,14,7156
1000238,P00184342,F,51-55,7,B,0,0,8,,,8039
1000238,P00049542,F,51-55,7,B,0,0,8,,,7867
1000238,P00155642,F,51-55,7,B,0,0,8,,,9871
1000238,P00347342,F,51-55,7,B,0,0,8,,,5953
1000239,P00112442,M,18-25,19,A,1,0,6,8,,20072
1000239,P00106742,M,18-25,19,A,1,0,3,5,,10967
1000239,P00120842,M,18-25,19,A,1,0,8,17,,9969
1000239,P00007142,M,18-25,19,A,1,0,5,8,,7138
1000239,P00365242,M,18-25,19,A,1,0,5,8,,5453
1000240,P00106742,M,51-55,17,A,1,1,3,5,,10819
1000240,P00221442,M,51-55,17,A,1,1,1,2,5,15505
1000240,P00128742,M,51-55,17,A,1,1,1,,,11471
1000240,P00192042,M,51-55,17,A,1,1,5,9,14,3753
1000242,P00167942,F,18-25,4,A,3,0,1,5,,15896
1000242,P00073842,F,18-25,4,A,3,0,1,15,17,15525
1000242,P00147742,F,18-25,4,A,3,0,1,16,,11868
1000242,P00127442,F,18-25,4,A,3,0,1,2,15,18994
1000242,P00003942,F,18-25,4,A,3,0,5,14,,5453
1000242,P00127642,F,18-25,4,A,3,0,1,2,15,19649
1000242,P00187442,F,18-25,4,A,3,0,2,4,5,6587
1000242,P00201442,F,18-25,4,A,3,0,1,6,8,11764
1000242,P00212242,F,18-25,4,A,3,0,8,,,7880
1000242,P00370342,F,18-25,4,A,3,0,8,,,9915
1000242,P00278942,F,18-25,4,A,3,0,1,2,3,15288
1000243,P00100842,M,26-35,16,C,1,0,5,,,6903
1000243,P00116842,M,26-35,16,C,1,0,2,5,8,13056
1000244,P00351342,M,51-55,7,B,3,1,1,2,16,15624
1000244,P00014642,M,51-55,7,B,3,1,8,14,17,7992
1000244,P00258742,M,51-55,7,B,3,1,5,,,8609
1000244,P00285642,M,51-55,7,B,3,1,2,5,15,9920
1000245,P00112542,M,36-45,16,B,0,0,1,11,15,15172
1000245,P00145442,M,36-45,16,B,0,0,8,15,,5877
1000245,P00233342,M,36-45,16,B,0,0,1,15,16,11638
1000245,P00246042,M,36-45,16,B,0,0,15,,,12707
1000245,P00204342,M,36-45,16,B,0,0,15,16,,13156
1000245,P00025042,M,36-45,16,B,0,0,5,15,,1779
1000245,P00066542,M,36-45,16,B,0,0,1,15,16,4031
1000245,P00114342,M,36-45,16,B,0,0,1,8,17,15319
1000245,P00177342,M,36-45,16,B,0,0,8,,,6026
1000245,P00285442,M,36-45,16,B,0,0,8,,,5855
1000245,P00089442,M,36-45,16,B,0,0,8,,,8065
1000245,P00176042,M,36-45,16,B,0,0,8,17,,5871
1000245,P00029242,M,36-45,16,B,0,0,8,,,6168
1000245,P00322942,M,36-45,16,B,0,0,2,8,16,9791
1000245,P00154642,M,36-45,16,B,0,0,8,,,7791
1000245,P00121142,M,36-45,16,B,0,0,8,,,4112
1000245,P00266042,M,36-45,16,B,0,0,8,,,8006
1000245,P00177642,M,36-45,16,B,0,0,8,,,2277
1000245,P00212242,M,36-45,16,B,0,0,8,,,7810
1000245,P00281642,M,36-45,16,B,0,0,1,8,,11488
1000245,P00321742,M,36-45,16,B,0,0,5,8,17,5289
1000245,P00178042,M,36-45,16,B,0,0,8,14,,4147
1000245,P00282442,M,36-45,16,B,0,0,5,8,18,5365
1000245,P00100842,M,36-45,16,B,0,0,5,,,5145
1000245,P00190042,M,36-45,16,B,0,0,3,4,5,10791
1000245,P00042742,M,36-45,16,B,0,0,5,14,,3539
1000245,P00001242,M,36-45,16,B,0,0,5,11,,1897
1000245,P00136342,M,36-45,16,B,0,0,4,5,,1398
1000245,P00182742,M,36-45,16,B,0,0,1,2,14,11556
1000245,P00198742,M,36-45,16,B,0,0,1,2,11,8109
1000245,P00339942,M,36-45,16,B,0,0,1,,,11519
1000245,P00063342,M,36-45,16,B,0,0,1,2,9,11766
1000245,P00346542,M,36-45,16,B,0,0,10,13,16,9314
1000245,P00100442,M,36-45,16,B,0,0,2,4,5,12815
1000245,P00029542,M,36-45,16,B,0,0,1,2,18,3956
1000245,P0098342,M,36-45,16,B,0,0,1,2,,11829
1000245,P00244342,M,36-45,16,B,0,0,11,,,4623
1000245,P00280642,M,36-45,16,B,0,0,11,,,4608
1000245,P00244442,M,36-45,16,B,0,0,11,,,4688
1000245,P00105442,M,36-45,16,B,0,0,11,,,3113
1000245,P00232342,M,36-45,16,B,0,0,11,,,2966
1000245,P00194142,M,36-45,16,B,0,0,11,16,,3210
1000245,P00313942,M,36-45,16,B,0,0,17,,,5511
1000245,P00272242,M,36-45,16,B,0,0,8,,,6103
1000245,P00084342,M,36-45,16,B,0,0,13,16,,563
1000246,P00271142,F,18-25,4,C,1,0,5,,,8731
1000249,P00138542,F,18-25,14,C,2,0,5,6,,8671
1000249,P00198642,F,18-25,14,C,2,0,8,14,,6099
1000249,P00161442,F,18-25,14,C,2,0,5,14,,8712
1000249,P00250242,F,18-25,14,C,2,0,5,,,8757
1000250,P00115842,M,36-45,16,C,1,0,16,,,16500
1000250,P00327842,M,36-45,16,C,1,0,8,16,,9974
1000251,P00117542,M,55+,17,A,0,1,18,,,3150
1000251,P00128142,M,55+,17,A,0,1,1,5,18,11763
1000252,P00338542,M,26-35,12,C,3,0,1,,,15782
1000252,P00144642,M,26-35,12,C,3,0,1,15,16,7723
1000252,P00073842,M,26-35,12,C,3,0,1,15,17,11407
1000252,P00021142,M,26-35,12,C,3,0,5,,,8756
1000253,P00043542,F,26-35,11,C,1,0,8,,,5920
1000254,P00113242,M,36-45,17,C,4+,0,1,6,8,15837
1000255,P00102842,M,36-45,0,C,1,1,8,,,6019
1000255,P00041842,M,36-45,0,C,1,1,6,8,,16559
1000255,P00260042,M,36-45,0,C,1,1,5,8,,7165
1000255,P00118542,M,36-45,0,C,1,1,5,8,,7102
1000255,P00242642,M,36-45,0,C,1,1,7,8,,8475
1000255,P00117442,M,36-45,0,C,1,1,5,14,,8608
1000255,P00057342,M,36-45,0,C,1,1,4,5,,3542
1000255,P00104842,M,36-45,0,C,1,1,8,,,8076
1000255,P00231942,M,36-45,0,C,1,1,11,,,6133
1000255,P00174142,M,36-45,0,C,1,1,3,4,9,10643
1000255,P00161542,M,36-45,0,C,1,1,2,15,16,13132
1000255,P00025442,M,36-45,0,C,1,1,1,2,9,19653
1000255,P00057642,M,36-45,0,C,1,1,1,15,16,15866
1000255,P00260442,M,36-45,0,C,1,1,1,15,,15482
1000255,P00111142,M,36-45,0,C,1,1,1,15,16,15692
1000255,P00016842,M,36-45,0,C,1,1,1,2,15,11489
1000256,P00255942,M,46-50,16,C,3,0,1,16,,11964
1000256,P00004242,M,46-50,16,C,3,0,1,6,8,15818
1000257,P00161542,M,18-25,18,A,1,0,2,15,16,10084
1000257,P00004742,M,18-25,18,A,1,0,6,16,,20341
1000257,P00046142,M,18-25,18,A,1,0,1,16,,19200
1000257,P00010242,M,18-25,18,A,1,0,5,,,8643
1000258,P00268342,M,26-35,7,C,0,1,5,,,5227
1000258,P00293242,M,26-35,7,C,0,1,8,16,,7766
1000258,P00044142,M,26-35,7,C,0,1,8,16,,8129
1000259,P00002542,M,26-35,1,B,4+,0,8,14,,7923
1000259,P00046742,M,26-35,1,B,4+,0,1,2,15,12044
1000259,P00144642,M,26-35,1,B,4+,0,1,15,16,15383
1000259,P00106742,M,26-35,1,B,4+,0,3,5,,10692
1000259,P00052842,M,26-35,1,B,4+,0,10,15,,18886
1000259,P00111142,M,26-35,1,B,4+,0,1,15,16,15464
1000259,P00184142,M,26-35,1,B,4+,0,8,14,,7757
1000260,P00167942,M,18-25,19,C,1,0,1,5,,8335
1000260,P00274042,M,18-25,19,C,1,0,1,,,12019
1000260,P00223542,M,18-25,19,C,1,0,1,8,17,8210
1000260,P00057942,M,18-25,19,C,1,0,1,2,6,15172
1000260,P00046742,M,18-25,19,C,1,0,1,2,15,11446
1000260,P00243942,M,18-25,19,C,1,0,1,2,15,8159
1000260,P00346342,M,18-25,19,C,1,0,1,15,,15436
1000260,P00122442,M,18-25,19,C,1,0,1,11,15,7660
1000260,P00298942,M,18-25,19,C,1,0,1,5,,19160
1000260,P00016742,M,18-25,19,C,1,0,1,15,16,11766
1000260,P00042542,M,18-25,19,C,1,0,1,5,,7764
1000260,P00078842,M,18-25,19,C,1,0,1,16,,11757
1000261,P00111842,M,26-35,20,A,4+,0,8,,,9980
1000261,P00111042,M,26-35,20,A,4+,0,15,,,20800
1000261,P00084842,M,26-35,20,A,4+,0,8,16,,8132
1000261,P00014542,M,26-35,20,A,4+,0,8,,,7948
1000261,P00214442,M,26-35,20,A,4+,0,8,,,6179
1000261,P00313542,M,26-35,20,A,4+,0,5,8,,7002
1000261,P00121142,M,26-35,20,A,4+,0,8,,,7769
1000261,P00216742,M,26-35,20,A,4+,0,5,,,7128
1000261,P00050242,M,26-35,20,A,4+,0,8,,,10060
1000261,P00348242,M,26-35,20,A,4+,0,8,,,8037
1000261,P00006142,M,26-35,20,A,4+,0,8,,,4148
1000261,P00233442,M,26-35,20,A,4+,0,1,2,15,12102
1000261,P00024342,M,26-35,20,A,4+,0,8,14,,5822
1000261,P00024242,M,26-35,20,A,4+,0,5,,,7016
1000261,P00093342,M,26-35,20,A,4+,0,1,8,18,8270
1000261,P00214342,M,26-35,20,A,4+,0,5,,,7174
1000262,P00025442,F,26-35,1,C,1,0,1,2,9,18952
1000262,P00345842,F,26-35,1,C,1,0,2,8,14,9892
1000262,P00333642,F,26-35,1,C,1,0,11,15,,3164
1000262,P00345742,F,26-35,1,C,1,0,1,2,15,15300
1000262,P00155442,F,26-35,1,C,1,0,1,11,15,11927
1000262,P00277542,F,26-35,1,C,1,0,1,6,15,11427
1000262,P00035842,F,26-35,1,C,1,0,5,6,9,5379
1000262,P00364442,F,26-35,1,C,1,0,1,2,9,8133
1000263,P00221442,F,26-35,7,C,1,0,1,2,5,15581
1000263,P00154042,F,26-35,7,C,1,0,1,2,15,8155
1000263,P00199442,F,26-35,7,C,1,0,5,9,,5269
1000263,P00145442,F,26-35,7,C,1,0,8,15,,5817
1000263,P00245642,F,26-35,7,C,1,0,5,11,12,5279
1000264,P00115942,M,36-45,0,B,1,1,8,17,,5896
1000264,P00346042,M,36-45,0,B,1,1,6,8,15,12430
1000264,P00085942,M,36-45,0,B,1,1,2,4,8,13143
1000264,P00282242,M,36-45,0,B,1,1,5,8,17,5166
1000264,P00034042,M,36-45,0,B,1,1,1,2,16,11904
1000264,P00180342,M,36-45,0,B,1,1,11,,,1714
1000264,P00100442,M,36-45,0,B,1,1,2,4,5,12994
1000264,P00015342,M,36-45,0,B,1,1,2,4,,10048
1000264,P00113642,M,36-45,0,B,1,1,8,,,7778
1000264,P00049542,M,36-45,0,B,1,1,8,,,6032
1000264,P00001042,M,36-45,0,B,1,1,1,2,16,11376
1000264,P00327842,M,36-45,0,B,1,1,8,16,,7771
1000265,P00135742,F,36-45,7,A,4+,1,6,8,,16614
1000265,P00273442,F,36-45,7,A,4+,1,12,14,17,1765
1000266,P00110842,M,36-45,11,C,3,0,1,2,5,19017
1000266,P00083942,M,36-45,11,C,3,0,12,14,,1775
1000266,P00083842,M,36-45,11,C,3,0,5,14,,8713
1000266,P00117842,M,36-45,11,C,3,0,5,13,16,8709
1000267,P00051442,M,46-50,12,C,1,1,8,17,,9978
1000267,P00156442,M,46-50,12,C,1,1,8,,,8020
1000267,P00318742,M,46-50,12,C,1,1,1,8,,11468
1000267,P00303242,M,46-50,12,C,1,1,5,8,,3490
1000267,P00148042,M,46-50,12,C,1,1,8,,,2326
1000267,P00053042,M,46-50,12,C,1,1,5,14,16,5220
1000267,P00161442,M,46-50,12,C,1,1,5,14,,5224
1000268,P00044442,F,18-25,12,C,1,0,1,16,,15515
1000268,P00035842,F,18-25,12,C,1,0,5,6,9,5252
1000268,P00129542,F,18-25,12,C,1,0,8,14,,8048
1000268,P00057442,F,18-25,12,C,1,0,5,14,16,8778
1000268,P00139942,F,18-25,12,C,1,0,5,,,3706
1000268,P00250342,F,18-25,12,C,1,0,16,,,8272
1000268,P00252042,F,18-25,12,C,1,0,5,14,,6918
1000268,P00004642,F,18-25,12,C,1,0,8,14,,8124
1000268,P00158042,F,18-25,12,C,1,0,8,,,7999
1000268,P00143342,F,18-25,12,C,1,0,1,14,16,11845
1000268,P00110942,F,18-25,12,C,1,0,1,2,,15375
1000268,P00115142,F,18-25,12,C,1,0,1,8,17,15465
1000268,P00259142,F,18-25,12,C,1,0,5,,,3542
1000268,P00282042,F,18-25,12,C,1,0,5,15,,5447
1000269,P00047942,M,26-35,2,A,1,1,5,13,,6977
1000269,P00131542,M,26-35,2,A,1,1,8,12,,4074
1000270,P00264242,M,51-55,14,B,2,1,8,,,5841
1000270,P00343442,M,51-55,14,B,2,1,12,,,1739
1000270,P00025442,M,51-55,14,B,2,1,1,2,9,15887
1000271,P00110842,M,18-25,4,C,1,0,1,2,5,19416
1000271,P00220442,M,18-25,4,C,1,0,5,14,,6920
1000271,P00254642,M,18-25,4,C,1,0,5,8,,6882
1000271,P00303242,M,18-25,4,C,1,0,5,8,,8674
1000271,P00031042,M,18-25,4,C,1,0,8,,,7813
1000271,P00172842,M,18-25,4,C,1,0,3,4,,8184
1000271,P00030942,M,18-25,4,C,1,0,4,5,9,2863
1000271,P00320842,M,18-25,4,C,1,0,1,4,9,11571
1000271,P00083942,M,18-25,4,C,1,0,12,14,,1719
1000271,P00295942,M,18-25,4,C,1,0,2,5,15,12821
1000271,P00048142,M,18-25,4,C,1,0,1,16,,11468
1000271,P00129342,M,18-25,4,C,1,0,1,5,15,11771
1000271,P00022542,M,18-25,4,C,1,0,5,,,7024
1000271,P00074242,M,18-25,4,C,1,0,5,,,3643
1000271,P00018142,M,18-25,4,C,1,0,5,,,3555
1000272,P00229942,M,18-25,0,A,1,0,5,,,5405
1000272,P00355642,M,18-25,0,A,1,0,16,,,16630
1000272,P00118442,M,18-25,0,A,1,0,1,2,,11893
1000272,P00142942,M,18-25,0,A,1,0,1,2,16,15216
1000272,P00035342,M,18-25,0,A,1,0,2,4,14,13039
1000272,P00161542,M,18-25,0,A,1,0,2,15,16,6396
1000272,P00171542,M,18-25,0,A,1,0,2,5,14,6369
1000272,P00017542,M,18-25,0,A,1,0,5,,,8716
1000272,P00217942,M,18-25,0,A,1,0,5,,,8737
1000272,P00195442,M,18-25,0,A,1,0,5,,,8679
1000272,P00350342,M,18-25,0,A,1,0,1,6,,7708
1000272,P00346042,M,18-25,0,A,1,0,6,8,15,12305
1000272,P00072542,M,18-25,0,A,1,0,5,6,,1748
1000272,P00113942,M,18-25,0,A,1,0,8,,,9876
1000272,P00178242,M,18-25,0,A,1,0,8,,,9862
1000272,P00205942,M,18-25,0,A,1,0,5,8,14,5441
1000272,P00126142,M,18-25,0,A,1,0,8,16,,10034
1000272,P00216142,M,18-25,0,A,1,0,1,16,,11784
1000272,P00352142,M,18-25,0,A,1,0,1,6,16,7738
1000272,P00352642,M,18-25,0,A,1,0,1,17,,7830
1000272,P00145642,M,18-25,0,A,1,0,1,8,17,15513
1000273,P00100942,M,18-25,4,B,2,1,5,,,8793
1000273,P00268442,M,18-25,4,B,2,1,8,17,,10032
1000273,P00035542,M,18-25,4,B,2,1,3,4,12,11052
1000273,P00013742,M,18-25,4,B,2,1,5,,,7124
1000274,P00105042,M,18-25,4,A,4+,0,5,9,,3549
1000274,P00021742,M,18-25,4,A,4+,0,5,,,8874
1000274,P00305042,M,18-25,4,A,4+,0,11,13,16,4547
1000275,P00327342,M,26-35,0,C,3,1,16,,,16133
1000275,P00181542,M,26-35,0,C,3,1,11,16,,7577
1000276,P00014942,M,46-50,16,C,4+,0,8,,,6109
1000278,P00125142,M,46-50,18,C,4+,1,11,,,7531
1000278,P00367142,M,46-50,18,C,4+,1,11,,,6169
1000278,P00368242,M,46-50,18,C,4+,1,5,11,,8654
1000278,P00243542,M,46-50,18,C,4+,1,11,,,4542
1000278,P00342042,M,46-50,18,C,4+,1,11,15,16,4680
1000278,P00179242,M,46-50,18,C,4+,1,11,,,4626
1000278,P00129142,M,46-50,18,C,4+,1,1,11,,8023
1000279,P00359242,M,26-35,14,C,3,0,1,5,17,19052
1000280,P00003442,M,51-55,7,C,0,1,4,5,8,773
1000280,P00308342,M,51-55,7,C,0,1,5,8,,5159
1000280,P00216042,M,51-55,7,C,0,1,5,8,,7075
1000281,P00220342,F,36-45,0,A,2,0,5,,,5201
1000282,P00147942,M,26-35,17,C,4+,1,1,16,,15888
1000282,P00171342,M,26-35,17,C,4+,1,13,16,,580
1000284,P00195942,M,26-35,12,B,3,1,3,4,,10950
1000284,P00251242,M,26-35,12,B,3,1,5,11,,7111
1000284,P00115542,M,26-35,12,B,3,1,8,,,9858
1000284,P00219242,M,26-35,12,B,3,1,4,5,,1500
1000284,P0095842,M,26-35,12,B,3,1,3,4,12,8218
1000284,P00256042,M,26-35,12,B,3,1,6,8,16,11997
1000284,P00201342,M,26-35,12,B,3,1,1,2,9,19647
1000284,P00124242,M,26-35,12,B,3,1,11,14,,4458
1000284,P00078142,M,26-35,12,B,3,1,8,16,,3887
1000284,P00265542,M,26-35,12,B,3,1,5,8,,5433
1000284,P00236542,M,26-35,12,B,3,1,8,11,,8070
1000284,P00353542,M,26-35,12,B,3,1,5,11,,1983
1000284,P00319242,M,26-35,12,B,3,1,8,,,2187
1000284,P00015342,M,26-35,12,B,3,1,2,4,,6595
1000284,P00127342,M,26-35,12,B,3,1,1,2,15,8011
1000284,P00174142,M,26-35,12,B,3,1,3,4,9,8035
1000284,P00311942,M,26-35,12,B,3,1,2,4,,6652
1000284,P00197142,M,26-35,12,B,3,1,5,,,7055
1000284,P00312742,M,26-35,12,B,3,1,15,,,12608
1000284,P00065242,M,26-35,12,B,3,1,2,3,4,3570
1000284,P00194342,M,26-35,12,B,3,1,3,4,,5383
1000284,P00136342,M,26-35,12,B,3,1,4,5,,741
1000284,P00180142,M,26-35,12,B,3,1,11,,,1602
1000284,P00168342,M,26-35,12,B,3,1,11,15,,1588
1000284,P00086442,M,26-35,12,B,3,1,8,13,15,9860
1000284,P00113342,M,26-35,12,B,3,1,1,8,17,15412
1000285,P00319342,F,36-45,0,A,1,0,5,8,,8661
1000285,P00184442,F,36-45,0,A,1,0,1,6,8,3820
1000285,P00265342,F,36-45,0,A,1,0,7,,,21053
1000285,P00319042,F,36-45,0,A,1,0,5,,,7185
1000285,P00145042,F,36-45,0,A,1,0,1,2,5,11679
1000287,P00093242,M,51-55,13,B,1,1,8,,,7881
1000287,P00219842,M,51-55,13,B,1,1,5,,,7122
1000287,P00220442,M,51-55,13,B,1,1,5,14,,7013
1000287,P00220342,M,51-55,13,B,1,1,5,,,5225
1000287,P00277642,M,51-55,13,B,1,1,2,3,10,9523
1000287,P00051642,M,51-55,13,B,1,1,8,,,8081
1000287,P00293342,M,51-55,13,B,1,1,8,,,5831
1000287,P00161942,M,51-55,13,B,1,1,5,8,,6924
1000289,P00084442,F,26-35,0,C,1,0,13,16,,925
1000289,P00044442,F,26-35,0,C,1,0,1,16,,11802
1000289,P00113342,F,26-35,0,C,1,0,1,8,17,15403
1000289,P00120042,F,26-35,0,C,1,0,1,2,,12111
1000291,P00115642,M,36-45,12,B,2,0,8,14,,7886
1000291,P00153842,M,36-45,12,B,2,0,8,14,16,8125
1000291,P00130842,M,36-45,12,B,2,0,5,14,,5470
1000292,P00332242,M,36-45,7,C,0,1,1,16,,15662
1000292,P00145442,M,36-45,7,C,0,1,8,15,,6101
1000293,P00155842,M,55+,1,C,1,1,8,,,9800
1000293,P00049542,M,55+,1,C,1,1,8,,,9773
1000293,P00211242,M,55+,1,C,1,1,8,12,,7764
1000293,P00271142,M,55+,1,C,1,1,5,,,3444
1000293,P00346042,M,55+,1,C,1,1,6,8,15,16303
1000293,P00221042,M,55+,1,C,1,1,1,17,,4002
1000293,P00008142,M,55+,1,C,1,1,8,,,6089
1000293,P00079942,M,55+,1,C,1,1,8,,,7889
1000293,P00350942,M,55+,1,C,1,1,3,4,5,10685
1000293,P00320942,M,55+,1,C,1,1,1,4,9,4375
1000293,P00319442,M,55+,1,C,1,1,8,,,5935
1000293,P00052642,M,55+,1,C,1,1,5,14,,5432
1000293,P00235142,M,55+,1,C,1,1,5,,,1981
1000293,P00115642,M,55+,1,C,1,1,8,14,,9824
1000293,P00255842,M,55+,1,C,1,1,16,,,16875
1000295,P00280442,M,18-25,0,C,4+,0,11,,,7631
1000295,P00173242,M,18-25,0,C,4+,0,5,,,1906
1000295,P00350442,M,18-25,0,C,4+,0,2,3,15,12705
1000295,P00304242,M,18-25,0,C,4+,0,1,6,,11535
1000295,P00112642,M,18-25,0,C,4+,0,1,2,5,19158
1000295,P00233542,M,18-25,0,C,4+,0,1,15,,15558
1000295,P00051442,M,18-25,0,C,4+,0,8,17,,9807
1000295,P00059442,M,18-25,0,C,4+,0,6,8,16,20347
1000296,P00269542,M,51-55,5,C,4+,1,11,15,,7636
1000296,P00370242,M,51-55,5,C,4+,1,5,,,8818
1000296,P00249842,M,51-55,5,C,4+,1,8,,,2230
1000296,P0095542,M,51-55,5,C,4+,1,2,4,9,10102
1000296,P00265142,M,51-55,5,C,4+,1,3,12,,13290
1000297,P00112542,M,18-25,2,C,3,1,1,11,15,11697
1000297,P00220342,M,18-25,2,C,3,1,5,,,8718
1000298,P00328042,F,18-25,4,C,2,0,8,14,,7797
1000299,P00102642,M,26-35,12,C,4+,0,4,8,9,2744
1000299,P00279642,M,26-35,12,C,4+,0,7,,,20407
1000299,P00110542,M,26-35,12,C,4+,0,8,,,9701
1000299,P00025442,M,26-35,12,C,4+,0,1,2,9,15288
1000299,P00074342,M,26-35,12,C,4+,0,5,,,1762
1000300,P00135342,M,26-35,7,B,4+,1,5,,,1871
1000300,P00282642,M,26-35,7,B,4+,1,5,,,8663
1000300,P00105942,M,26-35,7,B,4+,1,5,,,7169
1000300,P00308342,M,26-35,7,B,4+,1,5,8,,7005
1000300,P00089342,M,26-35,7,B,4+,1,8,,,9832
1000300,P00114042,M,26-35,7,B,4+,1,5,14,,7187
1000300,P00319042,M,26-35,7,B,4+,1,5,,,8611
1000300,P00316642,M,26-35,7,B,4+,1,4,5,,3429
1000300,P00101942,M,26-35,7,B,4+,1,8,17,,8104
1000300,P00114142,M,26-35,7,B,4+,1,8,,,9852
1000300,P00212242,M,26-35,7,B,4+,1,8,,,9728
1000300,P00205442,M,26-35,7,B,4+,1,5,8,14,5185
1000300,P00264642,M,26-35,7,B,4+,1,8,,,7942
1000300,P00157642,M,26-35,7,B,4+,1,1,14,16,11581
1000300,P00127242,M,26-35,7,B,4+,1,1,16,,15547
1000300,P00070342,M,26-35,7,B,4+,1,1,2,14,19507
1000301,P00035842,M,18-25,4,B,4+,0,5,6,9,5406
1000301,P00265242,M,18-25,4,B,4+,0,5,8,,8628
1000301,P00026042,M,18-25,4,B,4+,0,8,14,17,6170
1000301,P00237542,M,18-25,4,B,4+,0,1,15,16,19705
1000301,P00101942,M,18-25,4,B,4+,0,8,17,,9973
1000301,P00073642,M,18-25,4,B,4+,0,8,,,8092
1000301,P00316642,M,18-25,4,B,4+,0,4,5,,2820
1000301,P00331942,M,18-25,4,B,4+,0,5,,,8707
1000301,P00033342,M,18-25,4,B,4+,0,5,14,,5415
1000301,P00268542,M,18-25,4,B,4+,0,5,,,6876
1000301,P00077042,M,18-25,4,B,4+,0,5,,,5337
1000302,P00243942,M,18-25,4,B,4+,0,1,2,15,7751
1000302,P00085242,M,18-25,4,B,4+,0,8,14,17,5932
1000302,P0098242,M,18-25,4,B,4+,0,1,16,,3875
1000302,P00145642,M,18-25,4,B,4+,0,1,8,17,8103
1000302,P00251942,M,18-25,4,B,4+,0,1,2,5,11533
1000302,P00136742,M,18-25,4,B,4+,0,1,14,16,8226
1000302,P00102942,M,18-25,4,B,4+,0,1,14,,11686
1000302,P00001542,M,18-25,4,B,4+,0,1,2,14,3945
1000302,P00277542,M,18-25,4,B,4+,0,1,6,15,3838
1000302,P00187442,M,18-25,4,B,4+,0,2,4,5,9918
1000302,P00222142,M,18-25,4,B,4+,0,5,13,,7039
1000302,P00221342,M,18-25,4,B,4+,0,1,2,5,7907
1000302,P00003642,M,18-25,4,B,4+,0,8,,,5820
1000302,P00029242,M,18-25,4,B,4+,0,8,,,7863
1000302,P00154242,M,18-25,4,B,4+,0,8,,,3906
1000302,P00213742,M,18-25,4,B,4+,0,8,,,7952
1000302,P00050142,M,18-25,4,B,4+,0,5,,,5200
1000302,P00130642,M,18-25,4,B,4+,0,11,16,,5901
1000302,P00150942,M,18-25,4,B,4+,0,6,11,13,12109
1000302,P00024642,M,18-25,4,B,4+,0,5,14,,3648
1000302,P00329942,M,18-25,4,B,4+,0,5,8,14,5468
1000302,P00362442,M,18-25,4,B,4+,0,5,,,3490
1000302,P00074242,M,18-25,4,B,4+,0,5,,,5266
1000302,P00019142,M,18-25,4,B,4+,0,11,15,,1584
1000302,P00171542,M,18-25,4,B,4+,0,2,5,14,6364
1000302,P00192742,M,18-25,4,B,4+,0,11,16,,2949
1000302,P00138842,M,18-25,4,B,4+,0,5,,,1814
1000302,P00128242,M,18-25,4,B,4+,0,5,12,14,5298
1000302,P00185842,M,18-25,4,B,4+,0,4,5,15,2088
1000302,P00111842,M,18-25,4,B,4+,0,8,,,7934
1000302,P00005042,M,18-25,4,B,4+,0,6,16,,20352
1000302,P00209842,M,18-25,4,B,4+,0,5,8,,5410
1000302,P00115042,M,18-25,4,B,4+,0,5,11,,8748
1000302,P00323942,M,18-25,4,B,4+,0,8,15,,9741
1000302,P00111142,M,18-25,4,B,4+,0,1,15,16,15675
1000302,P00277642,M,18-25,4,B,4+,0,2,3,10,16504
1000302,P00120642,M,18-25,4,B,4+,0,5,,,7032
1000303,P00005742,M,26-35,7,C,1,1,8,14,,9764
1000303,P00032842,M,26-35,7,C,1,1,8,,,9794
1000303,P00117742,M,26-35,7,C,1,1,8,,,9702
1000303,P00044142,M,26-35,7,C,1,1,8,16,,6151
1000303,P00001142,M,26-35,7,C,1,1,5,8,14,8698
1000303,P00220242,M,26-35,7,C,1,1,3,12,,13716
1000303,P00048042,M,26-35,7,C,1,1,1,6,8,19508
1000303,P00223242,M,26-35,7,C,1,1,5,14,,5182
1000303,P00018142,M,26-35,7,C,1,1,5,,,1922
1000303,P00221542,M,26-35,7,C,1,1,5,15,,6985
1000304,P00273342,M,26-35,0,B,1,0,10,,,23139
1000305,P00181542,F,18-25,0,B,3,1,11,16,,4616
1000305,P00117042,F,18-25,0,B,3,1,1,2,5,15392
1000305,P00180042,F,18-25,0,B,3,1,11,,,1708
1000306,P00028842,M,18-25,0,C,3,0,6,8,,20656
1000306,P00237542,M,18-25,0,C,3,0,1,15,16,15247
1000306,P00216142,M,18-25,0,C,3,0,1,16,,15586
1000306,P00365342,M,18-25,0,C,3,0,1,5,,15305
1000306,P00000142,M,18-25,0,C,3,0,3,4,5,8297
1000306,P0097242,M,18-25,0,C,3,0,1,16,,18975
1000306,P00146742,M,18-25,0,C,3,0,1,13,14,15742
1000306,P00350342,M,18-25,0,C,3,0,1,6,,15864
1000306,P00335742,M,18-25,0,C,3,0,5,,,3664
1000307,P00192942,M,51-55,16,B,0,1,5,,,3761
1000307,P00110142,M,51-55,16,B,0,1,7,,,20571
1000307,P00101342,M,51-55,16,B,0,1,6,8,,20460
1000307,P00089442,M,51-55,16,B,0,1,8,,,9852
1000307,P00119142,M,51-55,16,B,0,1,3,4,12,8036
1000307,P00114842,M,51-55,16,B,0,1,5,,,6894
1000307,P00268442,M,51-55,16,B,0,1,8,17,,9815
1000307,P00044442,M,51-55,16,B,0,1,1,16,,19177
1000308,P00366442,M,26-35,2,A,3,1,8,12,,7923
1000308,P00135742,M,26-35,2,A,3,1,6,8,,16617
1000308,P00348942,M,26-35,2,A,3,1,8,13,,7835
1000308,P00129642,M,26-35,2,A,3,1,5,,,8874
1000308,P00270842,M,26-35,2,A,3,1,5,,,7188
1000308,P00071442,M,26-35,2,A,3,1,15,17,,21264
1000308,P00274142,M,26-35,2,A,3,1,1,,,11899
1000308,P00339342,M,26-35,2,A,3,1,1,,,11528
1000308,P00085542,M,26-35,2,A,3,1,5,14,,7100
1000308,P00358442,M,26-35,2,A,3,1,1,15,,11874
1000308,P00213242,M,26-35,2,A,3,1,5,8,,6879
1000308,P00129542,M,26-35,2,A,3,1,8,14,,5842
1000308,P00031142,M,26-35,2,A,3,1,16,,,16712
1000308,P00289342,M,26-35,2,A,3,1,5,8,14,7181
1000308,P00194442,M,26-35,2,A,3,1,5,,,7061
1000308,P00050142,M,26-35,2,A,3,1,5,,,5233
1000308,P00118042,M,26-35,2,A,3,1,8,,,7949
1000308,P00331142,M,26-35,2,A,3,1,5,,,3718
1000308,P00156542,M,26-35,2,A,3,1,4,5,,1454
1000309,P00110942,M,26-35,4,B,1,0,1,2,,15773
1000309,P00142142,M,26-35,4,B,1,0,1,2,15,15223
1000309,P00345642,M,26-35,4,B,1,0,1,15,16,8242
1000309,P00028842,M,26-35,4,B,1,0,6,8,,16449
1000309,P00129542,M,26-35,4,B,1,0,8,14,,9773
1000310,P00033442,F,18-25,4,C,1,0,4,,,788
1000310,P00154442,F,18-25,4,C,1,0,8,14,,8036
1000310,P00130742,F,18-25,4,C,1,0,1,14,17,11866
1000310,P00053042,F,18-25,4,C,1,0,5,14,16,5145
1000310,P00034442,F,18-25,4,C,1,0,1,14,16,12087
1000310,P0095142,F,18-25,4,C,1,0,2,4,,13044
1000310,P00274642,F,18-25,4,C,1,0,4,5,,756
1000310,P00351142,F,18-25,4,C,1,0,1,8,17,15463
1000311,P00112142,M,18-25,4,C,3,1,1,2,14,19170
1000311,P00062842,M,18-25,4,C,3,1,1,2,13,19361
1000312,P00313242,F,51-55,2,B,0,0,8,,,6185
1000312,P00279542,F,51-55,2,B,0,0,8,,,6161
1000313,P00203742,F,18-25,4,A,4+,0,13,16,,757
1000313,P00354442,F,18-25,4,A,4+,0,5,,,8867
1000314,P00111842,F,55+,9,C,1,0,8,,,10055
1000314,P00230842,F,55+,9,C,1,0,8,,,10037
1000314,P00111442,F,55+,9,C,1,0,8,,,9812
1000314,P00178142,F,55+,9,C,1,0,8,17,,6002
1000314,P00092142,F,55+,9,C,1,0,8,,,8004
1000314,P00003642,F,55+,9,C,1,0,8,,,4192
1000314,P00117542,F,55+,9,C,1,0,18,,,2356
1000314,P00089442,F,55+,9,C,1,0,8,,,9808
1000314,P00258742,F,55+,9,C,1,0,5,,,6883
1000314,P00110142,F,55+,9,C,1,0,7,,,16635
1000314,P00343442,F,55+,9,C,1,0,12,,,1042
1000314,P00318342,F,55+,9,C,1,0,14,,,11391
1000314,P00198042,F,55+,9,C,1,0,11,16,,7573
1000314,P00318942,F,55+,9,C,1,0,8,16,,9701
1000314,P00210942,F,55+,9,C,1,0,5,12,,3653
1000314,P00111142,F,55+,9,C,1,0,1,15,16,8336
1000315,P00326842,F,55+,1,A,3,1,5,8,,1810
1000316,P00184942,M,55+,13,C,1,0,1,8,17,19322
1000316,P00215442,M,55+,13,C,1,0,15,16,,17358
1000316,P00127542,M,55+,13,C,1,0,1,2,15,19268
1000318,P00219842,F,55+,13,A,1,1,5,,,7179
1000318,P00183442,F,55+,13,A,1,1,1,2,,15871
1000319,P00110542,F,51-55,6,B,3,1,8,,,9704
1000319,P00309242,F,51-55,6,B,3,1,5,8,,8781
1000319,P00109942,F,51-55,6,B,3,1,8,,,7852
1000319,P00003642,F,51-55,6,B,3,1,8,,,9875
1000319,P00102342,F,51-55,6,B,3,1,8,14,17,9816
1000319,P00208042,F,51-55,6,B,3,1,8,,,3890
1000319,P00216742,F,51-55,6,B,3,1,5,,,6913
1000319,P00029742,F,51-55,6,B,3,1,5,,,5216
1000319,P00151742,F,51-55,6,B,3,1,8,15,16,4030
1000319,P00008842,F,51-55,6,B,3,1,1,16,,11749
1000319,P00240442,F,51-55,6,B,3,1,6,16,,8495
1000319,P00159842,F,51-55,6,B,3,1,1,16,,8200
1000319,P00194142,F,51-55,6,B,3,1,11,16,,4662
1000319,P00120042,F,51-55,6,B,3,1,1,2,,15179
1000319,P00304642,F,51-55,6,B,3,1,2,14,15,6659
1000319,P00326742,F,51-55,6,B,3,1,11,,,5947
